N,t,mse_lin,mse_iso,mse_CV
50,0,0.008138605412516433,0.005915799292042731,0.007415485604043443
50,1,0.01141711685203102,0.023672451544094208,0.012731004768170249
50,2,0.008321091126649064,0.005048303012388125,0.008321091126649064
50,3,0.013471917834745377,0.018115509783942153,0.015715515141215438
50,4,0.01739247021388549,0.012592258126930302,0.013748143283325248
50,5,0.01267772514520329,0.010432884603237573,0.012618294038278854
50,6,0.00893498268543311,0.006640615215030446,0.005918064110272095
50,7,0.01840672995193128,0.013459676911942615,0.013459676911942615
50,8,0.02709150727179639,0.01428770774524394,0.01428770774524394
50,9,0.01397517771983383,0.004685034086885811,0.00860494510808125
50,10,0.008304526187121354,0.015508386394307301,0.015508386394307301
50,11,0.013722865239876916,0.015427232587938931,0.010541373900089752
50,12,0.013218747446669265,0.01321419411332346,0.013218747446669265
50,13,0.015940334698727302,0.009704220496442874,0.015940334698727302
50,14,0.012580803522014777,0.016628530213610934,0.016628530213610934
50,15,0.018609479135017492,0.013735556245273646,0.013735556245273646
50,16,0.014322015528308753,0.008926543525903283,0.008545252252162953
50,17,0.009209769615330831,0.008193982038780658,0.00831958459132705
50,18,0.01548918754274833,0.012726815298226401,0.015040099727229812
50,19,0.022246696006839654,0.01493181744083397,0.016577671936489954
50,20,0.011854742769355995,0.016205338370508814,0.016012076865706038
50,21,0.012703402942746373,0.005153243494936418,0.005153243494936418
50,22,0.018645202384478535,0.014719656830254382,0.014280744302028272
50,23,0.009723253020794574,0.01250568185586409,0.01250568185586409
50,24,0.021654487768678905,0.01326992080087447,0.016132153295086844
50,25,0.013062118715978448,0.015038236253860754,0.015038236253860754
50,26,0.015070123670651268,0.008902423287177143,0.015070123670651268
50,27,0.014612548686819375,0.006558053730753058,0.006558053730753058
50,28,0.008653438520142628,0.010410645537745683,0.007849781194189316
50,29,0.0069403644891906265,0.005843729382731274,0.005843729382731274
50,30,0.020676069932836744,0.01297302766630911,0.016765892199305566
50,31,0.010938566915841517,0.006240832047535861,0.005969253893489529
50,32,0.017440319572363486,0.012965875467484298,0.012965875467484298
50,33,0.01990082718036731,0.013744054911890752,0.015355637314552023
50,34,0.015482071474329657,0.014201386662146829,0.010386371418504618
50,35,0.018096529866250544,0.008572379512604889,0.018096529866250544
50,36,0.011353169151256524,0.00829080626892212,0.008466802380503551
50,37,0.005114025335689732,0.007965727974465044,0.004730902515429585
50,38,0.021243711155844114,0.0071950832999298185,0.010897738783914488
50,39,0.01662418154833029,0.013715146961210395,0.013715146961210395
50,40,0.013063478659733833,0.00506252642343599,0.004888408003969603
50,41,0.016112393438863063,0.010635632993787185,0.01728745934484347
50,42,0.015203684614114888,0.023609863982766734,0.023609863982766734
50,43,0.005368042188473204,0.009220891471451026,0.003942305091466279
50,44,0.022021097588226377,0.012660853022065604,0.012660853022065604
50,45,0.011991806493931669,0.012619306219488553,0.012619306219488553
50,46,0.011420810685753952,0.0029269560708094326,0.011420810685753952
50,47,0.029033985446056863,0.029048249796735343,0.029033985446056863
50,48,0.012047150586438023,0.018360356075181737,0.018360356075181737
50,49,0.007560622116399042,0.009364384343389359,0.007560622116399042
100,0,0.01428960564536055,0.009597696252547739,0.01428960564536055
100,1,0.011485965002223535,0.005453233112680301,0.005453233112680301
100,2,0.014240104348029853,0.012816852712885202,0.012816852712885202
100,3,0.012416574549896723,0.007437100204059156,0.011727354286080445
100,4,0.014473754801333451,0.011499955500983587,0.014473754801333451
100,5,0.012332254529669861,0.004295180877800105,0.005256143468710161
100,6,0.007748023377277669,0.007373435131774858,0.0064222791519245636
100,7,0.0067574566478795116,0.004461434201723052,0.004461434201723052
100,8,0.010635580998416662,0.005375190753464214,0.007957089430248974
100,9,0.00967913505682514,0.006717640735438049,0.007993251517634017
100,10,0.013147588531775252,0.0073752052498374686,0.013147588531775252
100,11,0.011608631004673457,0.009419680879738452,0.006077054127089577
100,12,0.013049875768725556,0.0023230859936583517,0.0023230859936583517
100,13,0.010166803515153944,0.006653586949099019,0.006653586949099019
100,14,0.005469804380418526,0.005584106531600322,0.005452318582293602
100,15,0.005900281702881327,0.005912262541265091,0.005074718181131033
100,16,0.011055536653431806,0.004453733228995183,0.006157570858891101
100,17,0.014920844253472414,0.005697690619045514,0.012748694798892419
100,18,0.014973086244775929,0.008260381557755901,0.008260381557755901
100,19,0.01344782505921012,0.008102949048466092,0.010291718947375166
100,20,0.015150378684124255,0.011964742106845082,0.015150378684124255
100,21,0.009973600869482345,0.005378539325482569,0.005411038231304336
100,22,0.013853051969380104,0.005714306889647263,0.005714306889647263
100,23,0.00815742353779618,0.004106845810236824,0.0035897368047356493
100,24,0.011252490441969293,0.006296949003227209,0.009585067385600667
100,25,0.012594510043420583,0.00421548384850982,0.002856564371799848
100,26,0.006831461067402932,0.004489545843757849,0.0054594118799928945
100,27,0.0114841824588509,0.006855673247662187,0.006516701826335954
100,28,0.011563939660307145,0.004809175015184644,0.004809175015184644
100,29,0.0124132544123576,0.0050524571884092975,0.008019283921705362
100,30,0.015929242431322245,0.004470162779825984,0.004195263208456803
100,31,0.012949805463205795,0.005980632607221664,0.007087842405862129
100,32,0.009132906384740725,0.0035397578928776157,0.009132906384740725
100,33,0.008964062327535017,0.0068260039157196604,0.008917514480832209
100,34,0.015931836748982974,0.0054679761411264936,0.005457666134347364
100,35,0.009784760590141335,0.002849413204373378,0.004477065154068844
100,36,0.00697764753030685,0.004156419968403549,0.003327621001342233
100,37,0.007259521319219141,0.007086902536475819,0.007086902536475819
100,38,0.01099022772126712,0.007245492760424343,0.007271356435642708
100,39,0.006514625831147166,0.004205465785726174,0.0038790473227875515
100,40,0.016202390982869987,0.006641054430328942,0.015221947714020094
100,41,0.012143206627435305,0.009542213692506662,0.008559278555487475
100,42,0.010422569281827089,0.008774171929536051,0.008774171929536051
100,43,0.016235835557251173,0.01075029337276017,0.01075029337276017
100,44,0.007605565369315453,0.005543119124859532,0.005543119124859532
100,45,0.010377478747712327,0.00778418942746791,0.00778418942746791
100,46,0.007007590478114912,0.005592701519771337,0.005592701519771337
100,47,0.010484489961066205,0.00682778400954698,0.0073971026507877735
100,48,0.009370312401030456,0.005500776046795948,0.007988935261688502
100,49,0.01419633286816232,0.0026107023908449865,0.0031090388941177275
150,0,0.010379315663764604,0.0018756299492792244,0.0018756299492792244
150,1,0.009159427547797649,0.0025927742007963517,0.0027590136847236322
150,2,0.011492646249044393,0.004590351228908899,0.006068657202269241
150,3,0.01266724635601959,0.005943475659301434,0.01116255348808859
150,4,0.005832200315885645,0.007344735989261157,0.007344735989261157
150,5,0.009092406735781867,0.0092138123072748,0.008123779288698556
150,6,0.009861969017905961,0.0042170243994853664,0.0042170243994853664
150,7,0.012362180406118943,0.004313426968296116,0.004313426968296116
150,8,0.008191025970634615,0.003222127665348393,0.003147487296539583
150,9,0.010805000350480496,0.0034250117647053675,0.004018654560295842
150,10,0.008295097044115034,0.004605755288837815,0.0052339229080652335
150,11,0.011032702733775861,0.0025291131969321055,0.011032702733775861
150,12,0.009616849477434977,0.0063032980550020825,0.0063032980550020825
150,13,0.012964520322055018,0.008147847662896562,0.010040392054305071
150,14,0.006535880587486132,0.005603440774392057,0.006535880587486132
150,15,0.014502206350622882,0.002368416284945846,0.002414071644184816
150,16,0.009847053770473083,0.002336711072145363,0.002336711072145363
150,17,0.012364676299130602,0.002401545579022779,0.012364676299130602
150,18,0.01228860474386043,0.0049744250770740435,0.0049744250770740435
150,19,0.01502669682928648,0.00560855870485535,0.00560855870485535
150,20,0.006835352811082388,0.0038429934150251786,0.0038405569945391973
150,21,0.00945658722162235,0.002897895714527054,0.003699252621009823
150,22,0.012868144297160213,0.004395973475329924,0.005759104177223387
150,23,0.014571955068941494,0.005139337404446621,0.009485793808157388
150,24,0.006783660351206473,0.0016029290402506423,0.0016029290402506423
150,25,0.011516783037191393,0.0037705026151598057,0.0037436504084406475
150,26,0.016731407824735475,0.003365444333562209,0.003365444333562209
150,27,0.011444461457382517,0.007035285006598017,0.011374307929289524
150,28,0.012367309370696036,0.006795203516127414,0.005663464968374325
150,29,0.013626572875043626,0.00362697489052904,0.00362697489052904
150,30,0.016471801074724898,0.00366975206131619,0.00366975206131619
150,31,0.015930639558333824,0.006488898800470561,0.006222969220535585
150,32,0.014685793845108598,0.006704595897838167,0.009566421390694845
150,33,0.010821105705490615,0.005733410911110424,0.005395784172727545
150,34,0.014364382591352332,0.0032246657520700857,0.00481396838486775
150,35,0.008570283629954658,0.004772078122110977,0.008570283629954658
150,36,0.012010012690943263,0.0028658857815110016,0.0028658857815110016
150,37,0.006167433580144085,0.0011613486251356667,0.0011613486251356667
150,38,0.0056262564357210335,0.0040342595508614165,0.0040342595508614165
150,39,0.007584533555298773,0.006868043485530857,0.005337125111643235
150,40,0.013125051123971769,0.0037700821817563124,0.0037700821817563124
150,41,0.011825888301032574,0.005617957011777761,0.00766692221593036
150,42,0.018658739006997997,0.008753815445032977,0.00864550494724457
150,43,0.011533437188325779,0.002526350405038758,0.003597698771730644
150,44,0.014632022623163961,0.00413030084819908,0.00413030084819908
150,45,0.010893148207168133,0.0021590037775589743,0.0043957608426359405
150,46,0.01470584676368171,0.003568272940439543,0.0037761193666776523
150,47,0.015329189993931857,0.005489229074429218,0.005871329909683546
150,48,0.009907748735984904,0.001457195624256702,0.0021770945791485244
150,49,0.006094144393982398,0.0037650332291307943,0.004209760593975558
200,0,0.004268443757186224,0.001995819503999963,0.001995819503999963
200,1,0.011153979454128177,0.0027534099727323257,0.003731504905877165
200,2,0.013257471617157719,0.0039383606188807575,0.0039383606188807575
200,3,0.01317425468777744,0.0036484032641835255,0.005754182120781884
200,4,0.014007597640379987,0.003306873842230748,0.0032382843020163548
200,5,0.013223162883099847,0.0018967868782638132,0.0018967868782638132
200,6,0.009917597896709202,0.003707518837937153,0.00785637610757857
200,7,0.011600047850381427,0.0030045720094483155,0.004105541339373039
200,8,0.009032384646654215,0.004384618808443571,0.004384618808443571
200,9,0.015370488806477001,0.0030027466453227815,0.006782967563784232
200,10,0.014042182949182462,0.003340551130721932,0.003299472544180137
200,11,0.010321425135660837,0.0030062520032013065,0.00400486451340816
200,12,0.018821881004055976,0.006112295686304341,0.006112295686304341
200,13,0.007239764266888224,0.0025445050104618318,0.0025445050104618318
200,14,0.01195057171188841,0.001768969035018888,0.0018704882277008669
200,15,0.007093954315262475,0.0029287250275119893,0.0029287250275119893
200,16,0.011500718513377221,0.003221967691767894,0.0030216033769340676
200,17,0.012723573821968487,0.004178541520324013,0.004219571423598969
200,18,0.011782396004051732,0.002936118539026294,0.0029678224423243344
200,19,0.009911140413979709,0.003695712318980752,0.0037592802924235513
200,20,0.005173096925621222,0.0017954886099913027,0.00267798668405485
200,21,0.011224988724211396,0.006484627047706041,0.008132504934071794
200,22,0.007269643738055388,0.005028079165534109,0.004181200204093931
200,23,0.004501187338483656,0.0020962598105850137,0.0015114056432736344
200,24,0.010119350268097524,0.004235124429338634,0.004210703411639025
200,25,0.00700455142794055,0.004122514133796347,0.006271179318977301
200,26,0.012282474064285575,0.0018479313383047446,0.0018479313383047446
200,27,0.012640966525254656,0.004118706726079691,0.004118706726079691
200,28,0.012831517388595686,0.0044387392885066965,0.0044387392885066965
200,29,0.014833742858289234,0.003223049030611323,0.003520176658419864
200,30,0.005861608246976684,0.0036116342180512032,0.003607302440411498
200,31,0.006667597659186519,0.0025858566232127025,0.0025858566232127025
200,32,0.013426926676413192,0.0017421524412394405,0.0017421524412394405
200,33,0.009727033971697831,0.0034790152037629763,0.0034790152037629763
200,34,0.012218281659757788,0.0034533576329031563,0.0034533576329031563
200,35,0.010667600858557287,0.0012958640073543052,0.0012958640073543052
200,36,0.010924485124150785,0.003464833026705281,0.003464833026705281
200,37,0.010617865927888537,0.0023805571084416,0.0023805571084416
200,38,0.011693081676301504,0.0023183611215436776,0.0023183611215436776
200,39,0.01217091876697946,0.004419706905123267,0.003168702077878523
200,40,0.010126726143117383,0.001201071786127347,0.001201071786127347
200,41,0.01323119134093984,0.006494569127034943,0.006494569127034943
200,42,0.010759975231967145,0.0025057488428749442,0.002841216606898002
200,43,0.013384992028961323,0.0033971745438976853,0.0034008536657940645
200,44,0.011957473690407354,0.005314482379799879,0.00913643579764058
200,45,0.009240652666864574,0.0024328627664533587,0.006669651128262513
200,46,0.014837165108884965,0.0027058247578839382,0.002654762695573071
200,47,0.007218971216465614,0.002962552180779393,0.002962552180779393
200,48,0.006266510804344277,0.002106406210444528,0.001687694553539486
200,49,0.010787433195369026,0.001810520302202369,0.001810520302202369
250,0,0.007685250844366343,0.0019196364985628568,0.003987420335816525
250,1,0.008340303064180939,0.0016898673530397973,0.002670037718332838
250,2,0.010960727291264443,0.003082985884582119,0.003082985884582119
250,3,0.011804389092118672,0.0036021852343653543,0.0037636410875477463
250,4,0.009306714232444334,0.0022180058630276557,0.002157373454802579
250,5,0.013953771433345141,0.002279546233068602,0.002479708064053882
250,6,0.006665443748271318,0.0018857230320918148,0.0028228407879248253
250,7,0.012875874567287181,0.0033863957632156703,0.0033863957632156703
250,8,0.013715640392655786,0.0019420939423128556,0.002332931198598353
250,9,0.016288700234780584,0.001714885462889158,0.001714885462889158
250,10,0.014063461741575611,0.0011603013102047502,0.002086982507816783
250,11,0.009431620312226222,0.0016693924283532253,0.005489348878727154
250,12,0.009914371608945156,0.001820789110312449,0.001852539549876326
250,13,0.012473675745515184,0.0011075985978984315,0.0011075985978984315
250,14,0.007646145179378558,0.003843739281030516,0.005677129643913149
250,15,0.00622890907592816,0.004878882494768526,0.004878882494768526
250,16,0.012555854932884612,0.0025065463194961684,0.003664431252945226
250,17,0.009413826951007198,0.0016502018141696384,0.0027845775706684586
250,18,0.009094504017010705,0.003291580672537369,0.003291580672537369
250,19,0.010991071397424506,0.0037820649761959152,0.0037820649761959152
250,20,0.013524108499795504,0.0032935525556787772,0.006368571671898603
250,21,0.014223272532611282,0.0021515237076170043,0.0022088861891994284
250,22,0.0074837881008836295,0.0023275427525177223,0.0023768540258692393
250,23,0.004629756100402433,0.0033243859567145223,0.0033243859567145223
250,24,0.006520965133765281,0.0024507369466324857,0.0037643702991496442
250,25,0.01085380530182286,0.0017485511747650563,0.0018839616564272563
250,26,0.011838655849421842,0.0022278962882565172,0.002246764142217608
250,27,0.010068618633180754,0.001971757793803559,0.001971757793803559
250,28,0.010090903522695158,0.0023421449591581284,0.0023421449591581284
250,29,0.01148743078131837,0.0007484388406521586,0.0007484388406521586
250,30,0.005917408122884894,0.0025813267437629515,0.005813086769174422
250,31,0.005865464645541956,0.0009790483351537237,0.000984410853657757
250,32,0.012176333135911242,0.00211569276599123,0.002130407111877324
250,33,0.008227504625845688,0.003806885590080597,0.007495444524605112
250,34,0.00969401569553085,0.0009543131937514139,0.0015180298804252212
250,35,0.009526212085814209,0.0033915148079032274,0.0033915148079032274
250,36,0.013043738166465068,0.002099172537279282,0.002099172537279282
250,37,0.011971305780945915,0.0018000369105241572,0.0022120853887669482
250,38,0.014167997556943973,0.0019513924953985923,0.002163882098328153
250,39,0.008776413516955395,0.002266738969415578,0.002266738969415578
250,40,0.005311501674943567,0.002460672164956547,0.003124990686621044
250,41,0.0136055047519557,0.0015266206832039444,0.0015266206832039444
250,42,0.006584679501564953,0.0020912548120591264,0.0024384876520698005
250,43,0.010209479197071835,0.003174117712499316,0.003174117712499316
250,44,0.00415395657025007,0.002381252394471951,0.0025124007183670635
250,45,0.008018575734721147,0.002796517224207353,0.002796517224207353
250,46,0.012364093281443713,0.00312269310159636,0.00312269310159636
250,47,0.010358820238794588,0.001550039459635673,0.0025956191937573057
250,48,0.010624466615110921,0.0022451030514911326,0.006753015165772142
250,49,0.009278399580691791,0.0036138454424322853,0.0036367517737635473
300,0,0.014377247964353624,0.002142515958478643,0.002142515958478643
300,1,0.008822904568804574,0.0024009448905218753,0.0024009448905218753
300,2,0.007812770575809765,0.0016720548410180175,0.0016720548410180175
300,3,0.004849357001193651,0.0031807124074974304,0.004849357001193651
300,4,0.008979469546417505,0.0015202358407071194,0.0015202358407071194
300,5,0.013536782280352327,0.0028143466676160134,0.002514957471715439
300,6,0.014005094537159184,0.0009142809764757186,0.0012823997402570866
300,7,0.013432612636723941,0.004026068226667415,0.003956446692241755
300,8,0.009278205186661746,0.002753131484106479,0.0031307054951597553
300,9,0.011735293350382122,0.0016643411721272822,0.005819902355422346
300,10,0.009793338155811123,0.0019288648970749317,0.0019207047645645003
300,11,0.011916886683283693,0.0035609852205831637,0.007909580455031104
300,12,0.006243291233080623,0.001561724757306148,0.001561724757306148
300,13,0.0050522265286174935,0.0013887939232980681,0.001338607231574254
300,14,0.016534727449704575,0.002990102622831055,0.002990102622831055
300,15,0.009539611443584136,0.003252082954428096,0.003994750708761807
300,16,0.01121745477363759,0.003334276960778344,0.003334276960778344
300,17,0.007360433090042659,0.0030431460428760027,0.0030431460428760027
300,18,0.010458009481585793,0.0020485170705202885,0.0020485170705202885
300,19,0.010043852942545702,0.0033592165493579514,0.0032996050570933337
300,20,0.0110699546215566,0.003471220938039205,0.0045550946699869106
300,21,0.008610713626844848,0.004528390411137297,0.005937553801907434
300,22,0.014156370991837341,0.0021165740173340894,0.004827220685583329
300,23,0.010541312771179263,0.0034974523431696874,0.004649412241192207
300,24,0.0073761434305554254,0.002607802492688577,0.0030403366120661047
300,25,0.014403517298146732,0.002626990087369795,0.003526771793894329
300,26,0.010707339533407547,0.001965394803394479,0.001965394803394479
300,27,0.004183518025585627,0.0016577455929136023,0.004183518025585627
300,28,0.008163679422703912,0.001251739047614209,0.001562342485666845
300,29,0.010275229721775202,0.0003554099315235687,0.0003554099315235687
300,30,0.006366649563682391,0.002572564465498151,0.0044378512604066
300,31,0.014546542859660276,0.0016191244102928238,0.0016191244102928238
300,32,0.007508415034634325,0.003624463754496447,0.0035289317079020997
300,33,0.008701960299498497,0.0023011682044920055,0.002570150862787188
300,34,0.01110452492011465,0.003660084724593547,0.00965809208610708
300,35,0.009095143543747464,0.0013426904576400813,0.0013426904576400813
300,36,0.010390403987107938,0.0016138572357903822,0.0030634194813013477
300,37,0.013327269661929694,0.0013438647008728014,0.0013438647008728014
300,38,0.013096334626217699,0.0016185430832695827,0.0016185430832695827
300,39,0.01511863246660728,0.0021185380263360237,0.0021185380263360237
300,40,0.01206945644283734,0.0014881580219402004,0.0014881580219402004
300,41,0.012015069375377227,0.0008813643884427463,0.0034665111832610906
300,42,0.011061890127415637,0.0013433194378156712,0.0013433194378156712
300,43,0.013636679111421026,0.0013341039667996279,0.0013341039667996279
300,44,0.015018220953468789,0.001768634549474201,0.003537610714684264
300,45,0.013351486132041106,0.0005946431795659146,0.0005946431795659146
300,46,0.010428229078919573,0.005598920197068662,0.004732975945485293
300,47,0.010411942719116139,0.0018595719057299981,0.005746279992668493
300,48,0.013929109705428407,0.0026398675339884166,0.0026398675339884166
300,49,0.010813888720295253,0.001749317802551941,0.001749317802551941
350,0,0.004158884999091953,0.0008932116991815398,0.0008932116991815398
350,1,0.005310300125913943,0.002193504996681918,0.0038326667020783726
350,2,0.0052640743894130995,0.003150235247038954,0.0028549083173797286
350,3,0.013682558225806614,0.0012484734393698937,0.0012484734393698937
350,4,0.01020954974113892,0.0010920538247300212,0.0020037133922049394
350,5,0.014370350238996165,0.001196513212439488,0.001196513212439488
350,6,0.011567336126054664,0.0029390418524605244,0.006885490939736867
350,7,0.013214243316143714,0.0024028038776331005,0.0024028038776331005
350,8,0.014797805773403878,0.0017463182053144698,0.0017463182053144698
350,9,0.010086238538807074,0.002375997158489912,0.002375997158489912
350,10,0.013626727638006935,0.0009691587307178732,0.0009691587307178732
350,11,0.0077981340016522035,0.0018560387785438667,0.002061854463361839
350,12,0.013275988225712054,0.0012169001395109752,0.0012169001395109752
350,13,0.005989066162032206,0.0019044314474445515,0.0021162166009894064
350,14,0.01077076150990789,0.001997795249783324,0.0027842383657429946
350,15,0.010281855920409306,0.0016984608130278325,0.0017751642596831483
350,16,0.013813153141942511,0.0030174985603598397,0.0030174985603598397
350,17,0.00789472859528314,0.0012736479109292259,0.0040810215113992725
350,18,0.012559225566491496,0.0008864987174635251,0.0008864987174635251
350,19,0.005872387631707863,0.00196593971772998,0.00196593971772998
350,20,0.005738534170573482,0.0021927825787900644,0.0021927825787900644
350,21,0.007749695055213891,0.0011668575013362235,0.0011668575013362235
350,22,0.010767637637573213,0.0034670606567339646,0.0034670606567339646
350,23,0.007612165687477903,0.001585955475435334,0.0027708661978377504
350,24,0.010199792289034084,0.002323791786775483,0.002323791786775483
350,25,0.006925767597880617,0.0012769612336861512,0.003651791012945752
350,26,0.010146093942296333,0.0009322304913349953,0.0009322304913349953
350,27,0.008128961189448562,0.001053454712712503,0.0022036326664638755
350,28,0.0145191790833371,0.0026918826912471806,0.0026918826912471806
350,29,0.005195097583471696,0.001261958821503617,0.001261958821503617
350,30,0.011383294403270678,0.0016681780225407778,0.0022363667450465067
350,31,0.0068538078873048944,0.0033362943084429895,0.0033362943084429895
350,32,0.014087105979598193,0.0028447721089404033,0.006469904460172047
350,33,0.010720014620640253,0.001267163233090178,0.001267163233090178
350,34,0.010241644468681197,0.001813621313691906,0.001813621313691906
350,35,0.013019366554921469,0.0009522692864685045,0.0010823356308358588
350,36,0.007522204505774133,0.0012445109236655571,0.0012445109236655571
350,37,0.013980985049303974,0.002198662602149851,0.007744076092207152
350,38,0.01382430418077941,0.00045874956610997557,0.00045874956610997557
350,39,0.011114507462994598,0.0016947083702559319,0.002835812438772152
350,40,0.01462500360801078,0.002260280086875368,0.002550183375694802
350,41,0.01132101505109837,0.00332894235998514,0.0030100702592109146
350,42,0.007206221981447857,0.0024867761237151705,0.002998440962712815
350,43,0.014842436204961429,0.001264418272036994,0.001264418272036994
350,44,0.010974294946766161,0.0025013382553694973,0.0025013382553694973
350,45,0.010731083911466061,0.0030605225051055346,0.0030495231514649883
350,46,0.014364543608097847,0.0015886933654677812,0.0015886933654677812
350,47,0.006660474901834399,0.0007242183399937114,0.0008951446465812644
350,48,0.008730036511038836,0.0016482603933885226,0.0016482603933885226
350,49,0.013711859091401872,0.0025714184201753847,0.0025714184201753847
400,0,0.012737912870047672,0.0028937861329187175,0.0028937861329187175
400,1,0.006939453867312266,0.002413720320393245,0.00310662491533491
400,2,0.010651017105280224,0.0014567617023611356,0.003408090396392544
400,3,0.014283996461481383,0.0017956749923357064,0.0017956749923357064
400,4,0.004892877891004321,0.001302383934522832,0.0013133435765861005
400,5,0.013903019795265004,0.0018260110910481115,0.0018311035228341555
400,6,0.011833088282896913,0.0016481848167048821,0.001674918000962656
400,7,0.011132773396969609,0.002434320089636053,0.0023847590959697428
400,8,0.009605574605758354,0.0018162573360264835,0.0035927719588452218
400,9,0.008288620711004115,0.002335736194540522,0.0025084940476865435
400,10,0.007408686012780576,0.0009462841029755162,0.0009453308042716754
400,11,0.008294963750080316,0.0009513906869643965,0.0014537122030990322
400,12,0.010869807337741406,0.0021135274485625795,0.0021135274485625795
400,13,0.013103408459659058,0.002989638279558526,0.002989638279558526
400,14,0.014299031483239442,0.0011969001190107209,0.0011969001190107209
400,15,0.01140969083311382,0.0015871852863649234,0.0015871852863649234
400,16,0.0077797999587875056,0.00157806607651567,0.00157806607651567
400,17,0.013301007788929462,0.0020463891531825765,0.0020463891531825765
400,18,0.010044348770642033,0.0010010409175552249,0.0014816269640170352
400,19,0.007529603861987012,0.0022193365453517452,0.0022193365453517452
400,20,0.01076153928985011,0.0016526008172860413,0.002647588868018169
400,21,0.008115770778772301,0.00045534385760573717,0.0012518038062314099
400,22,0.013488129336510451,0.0022242789524849873,0.0032906161056996115
400,23,0.014183253055297614,0.0029198419999839904,0.003205545439128824
400,24,0.01478792621865866,0.0019858058650652098,0.0019858058650652098
400,25,0.010223775336378188,0.00227563838005148,0.00227563838005148
400,26,0.005914707412353666,0.002486860586361104,0.002486860586361104
400,27,0.00901563736650244,0.001466191401210303,0.0035440962008519146
400,28,0.011224001251729464,0.0012889107115624495,0.0012889107115624495
400,29,0.013857819256580958,0.0017711040647801878,0.0024828424640270675
400,30,0.011203585053363378,0.0019421960157925806,0.004124124443635375
400,31,0.013644815015223556,0.0019062460603684567,0.0022867901224969986
400,32,0.009229991454740533,0.0022669261882912735,0.004560773148242037
400,33,0.008403684197620416,0.001775516045134727,0.001775516045134727
400,34,0.009759277078653036,0.0008927509964666582,0.003103237374858359
400,35,0.00849316133769329,0.0034672038485732935,0.0034672038485732935
400,36,0.01142276884685211,0.0014274049954174344,0.0011467775850550596
400,37,0.01574256575848191,0.002158945677732779,0.002158945677732779
400,38,0.010391397371373276,0.0014477662983653078,0.0017135735095140576
400,39,0.006628792642366591,0.0007835159806389154,0.0009110545783926244
400,40,0.00894146961981334,0.0010559774329669516,0.001422052294377541
400,41,0.014255096691340457,0.0019616569623919925,0.0026284344613095585
400,42,0.006478677809555784,0.002993286950781344,0.002993286950781344
400,43,0.011437295383362295,0.0013628025766612042,0.0014548932221221025
400,44,0.013979302581370076,0.0019606120363702996,0.0028487482348369926
400,45,0.006330935692972392,0.0015669904757758277,0.0014251477536696554
400,46,0.014105924821088545,0.0019376017915655442,0.0019376017915655442
400,47,0.009860680604477146,0.0014712777259846765,0.002250516891352318
400,48,0.008235048615043157,0.0019839514035851513,0.002558884215316282
400,49,0.008947610038130662,0.0007565943238907469,0.000839367755216464
450,0,0.00715539052957767,0.0020330823880364427,0.0020330823880364427
450,1,0.01075015593894002,0.0017820178751489124,0.0017820178751489124
450,2,0.010568363520622013,0.0007007609219053353,0.005274869862284832
450,3,0.006847683727701447,0.0007700274898572754,0.0008330730927074521
450,4,0.009809222206028798,0.003414731056388021,0.003414731056388021
450,5,0.01295145369741326,0.001524863712942375,0.001524863712942375
450,6,0.01180947658370858,0.0006047747274016842,0.0013786110735075343
450,7,0.013073302865902778,0.001181415667281086,0.001181415667281086
450,8,0.007920824875148738,0.0024884814128689776,0.002324488819182149
450,9,0.013291109884720759,0.0023123131521138487,0.0023123131521138487
450,10,0.013883260377827984,0.0009795298096475003,0.0009795298096475003
450,11,0.012654062880449388,0.0037248333075184503,0.0037248333075184503
450,12,0.006974545583274337,0.00288989492418443,0.0028806531139467535
450,13,0.010203720839787007,0.0016343583745149159,0.0016343583745149159
450,14,0.005815696335647956,0.0008347927613280843,0.0008347927613280843
450,15,0.00984498956459975,0.001524384268143656,0.001524384268143656
450,16,0.010525286068039557,0.001399842969066721,0.0015642796041901857
450,17,0.005779071137859154,0.0007222463038673127,0.0011077242511704382
450,18,0.01126416662511895,0.000963244965701594,0.000963244965701594
450,19,0.008252043799091521,0.0025729880505712217,0.002639544876281116
450,20,0.013999075495973838,0.000460123196910346,0.000460123196910346
450,21,0.00970176412972374,0.00030678583748499846,0.0003281203627029768
450,22,0.010549022879902826,0.0014370609515516875,0.001393366719566013
450,23,0.007099055268182498,0.0018796861931916497,0.0024789266978515463
450,24,0.008801361513496352,0.0011894118928795412,0.0035047394245693274
450,25,0.007885839318756154,0.003869179092344398,0.004027424059145649
450,26,0.005109087026771866,0.0008803623830771753,0.001847924209107928
450,27,0.007592990212422184,0.0012018068597754845,0.0012018068597754845
450,28,0.009860870846323583,0.0015239188183695188,0.002119087103041858
450,29,0.007466483854044795,0.0030254586636194064,0.0030254586636194064
450,30,0.008740234797484736,0.0015640308578383402,0.001714621579532813
450,31,0.01009180244213585,0.0012275238453839867,0.001431785569325336
450,32,0.010235429978179729,0.0010493219310129878,0.0011968777494055583
450,33,0.01389725715009053,0.001153136645015133,0.001153136645015133
450,34,0.01156692576430571,0.0020147556763226186,0.0020825034951142277
450,35,0.007836019915026115,0.0004269034679459966,0.001961553347827077
450,36,0.011698790987325855,0.0015776251256903531,0.0015776251256903531
450,37,0.008043225109868159,0.0016329431900797655,0.0016329431900797655
450,38,0.005574512466465723,0.0015114470649380464,0.0016606986278684675
450,39,0.006391130633360064,0.0019773360573214107,0.00162845145360601
450,40,0.014519423733485888,0.00189989499749743,0.00189989499749743
450,41,0.01021326320906445,0.0014510732711974007,0.0014510732711974007
450,42,0.006951764981935286,0.0015510961030844165,0.002369692298481844
450,43,0.010764533060473105,0.0013074548255997485,0.0013074548255997485
450,44,0.013703659807437284,0.0011202284204526595,0.0011202284204526595
450,45,0.005192498113597119,0.0008492030543400669,0.0008492030543400669
450,46,0.00607533466735403,0.0012668672393058855,0.0014542764887355364
450,47,0.011884568265634372,0.0014181098559942868,0.0014181098559942868
450,48,0.006275396609497025,0.001055812985615889,0.0010349322430021927
450,49,0.006338291248328101,0.0017397521859174384,0.0017397521859174384
500,0,0.014270570134572065,0.0014083825017739498,0.0014083825017739498
500,1,0.011332591026305126,0.000828557259783494,0.0008717233138801155
500,2,0.010930877597646847,0.0007089949165607558,0.0007089949165607558
500,3,0.006963686535935594,0.0010154566044853304,0.0010154566044853304
500,4,0.013178977488216656,0.0018761094530233633,0.0019011784775998344
500,5,0.0088706509462789,0.00044938352395937657,0.00044938352395937657
500,6,0.009812033019691586,0.001316082384454633,0.002325672783377392
500,7,0.0069445669976942485,0.0023181816395734245,0.0023181816395734245
500,8,0.007773258007599818,0.0009285753970902188,0.0009646816619230821
500,9,0.012855238584184197,0.002103607076840736,0.002815546775337724
500,10,0.012288059972287508,0.0015558427869564074,0.0016471054045866034
500,11,0.012402358917052981,0.0007408561498452163,0.0007408561498452163
500,12,0.006473728251867428,0.0012690585927452721,0.001262533843367141
500,13,0.004482390254828719,0.00136911686116091,0.00136911686116091
500,14,0.012090299461672692,0.003204869389804985,0.003204869389804985
500,15,0.009556114065063534,0.0015378679304518716,0.0015378679304518716
500,16,0.010452600106258031,0.0024523918453721355,0.0024523918453721355
500,17,0.013484360833704447,0.0019739327719184544,0.003823773801747401
500,18,0.0091213329478027,0.0014629760765409432,0.0014799669278690824
500,19,0.010750937847335228,0.0011187391811685364,0.0010989384595744402
500,20,0.012221920365311428,0.0017075756521931597,0.00177262062541241
500,21,0.009774813542517526,0.0011066353888436041,0.0011066353888436041
500,22,0.013372621339701714,0.0012257328187871188,0.002943538658321131
500,23,0.009561190294785261,0.0009837359443586706,0.0010441475637690879
500,24,0.009953746217792202,0.0012236541243286752,0.0012236541243286752
500,25,0.013853087085136252,0.0013231856855919861,0.0013231856855919861
500,26,0.007553541962804592,0.0009602959183248551,0.0009599372167799466
500,27,0.01410785268302374,0.0008839563781025632,0.0008839563781025632
500,28,0.007283551520919989,0.0008619472373278688,0.0008619472373278688
500,29,0.011392110815688644,0.0009349488784258859,0.0008790010303502726
500,30,0.010115877470768829,0.0013651053592663245,0.0013050292043380583
500,31,0.007549438775925729,0.0011704006110150329,0.0012017384055227505
500,32,0.01012900053110261,0.0006369169651741368,0.0022869692558389666
500,33,0.014060023459607744,0.0008826078661111783,0.0009237970848263908
500,34,0.007939087354375533,0.0010011220404483791,0.0010011220404483791
500,35,0.008946718086673194,0.0015901372456988562,0.0015945079026327919
500,36,0.012662898980621754,0.0010718672531034997,0.0012277756555798603
500,37,0.009450076343001877,0.0006118327233447708,0.0007708855798976094
500,38,0.007223524036373175,0.0015833448710508525,0.002187555293680741
500,39,0.011646182743405977,0.002113420496703266,0.002113420496703266
500,40,0.010784679556790317,0.001752765457028971,0.001752765457028971
500,41,0.0073789150055953625,0.0014199176053702014,0.0015022227214853807
500,42,0.01248450362240668,0.0014930928731767918,0.0014930928731767918
500,43,0.004815710855015915,0.0014911026482057027,0.0014911026482057027
500,44,0.007491419085444128,0.001160666488654456,0.0013421951897799745
500,45,0.013335481463918577,0.0009872947311264132,0.002841493703600387
500,46,0.014614586907877022,0.0021094660556374395,0.0021094660556374395
500,47,0.009780109262405459,0.001314210809623416,0.0015443833407883718
500,48,0.00554900321843439,0.0016506335317884667,0.0016486832041922197
500,49,0.0046118512598800655,0.001792575906052472,0.0037206910898964574
550,0,0.010894904247574475,0.0012143472781229907,0.0012143472781229907
550,1,0.009681382215364697,0.0012236814202368227,0.0029065998546104047
550,2,0.004898685526879428,0.0016155858786993445,0.0018969301212469916
550,3,0.006965171341572271,0.0005220992490371221,0.0007961088021348272
550,4,0.011061058585519215,0.001349763542588356,0.001349763542588356
550,5,0.006588869815932425,0.0015219625284342091,0.0015219625284342091
550,6,0.008110947460755465,0.0018984118765605373,0.0018590664300100884
550,7,0.00480928234282453,0.00036557949123722477,0.0024067813864057956
550,8,0.009064328585920618,0.0010734737149175615,0.0010734737149175615
550,9,0.004201160640177145,0.0010215248946870083,0.0019954723592596623
550,10,0.011330787203504545,0.0016309105451632062,0.0016309105451632062
550,11,0.010423257508831298,0.0005675634846249842,0.0005675634846249842
550,12,0.00670816839915619,0.0019521237752136147,0.0020149675462470314
550,13,0.009908136239735904,0.0027252907023088023,0.0051367597948578135
550,14,0.008679091003523189,0.0007970787344710427,0.0029953123239978784
550,15,0.012855649502233018,0.0016767459626091318,0.0031715282062107584
550,16,0.010178532206751993,0.001241985323127275,0.001241985323127275
550,17,0.00735404118918812,0.0008726865849532291,0.0008726865849532291
550,18,0.009238590433145588,0.0007353115102289987,0.0007353115102289987
550,19,0.009545687955112847,0.0013092670450636152,0.0013396378752912133
550,20,0.010508976565508168,0.002121061571290464,0.002697886800169851
550,21,0.014484759494580841,0.0005228386136655442,0.0006641758336590128
550,22,0.010554904850117843,0.0013190076099685597,0.0018449252081339975
550,23,0.013643524184593431,0.001374181756970295,0.0025870534239912624
550,24,0.003879462471125187,0.001469406689358455,0.001469406689358455
550,25,0.009297462074420504,0.0013895548273578123,0.0016363628518052179
550,26,0.009192354833924075,0.00042543261637793724,0.00042543261637793724
550,27,0.01338140964800799,0.0020639021853752996,0.0020639021853752996
550,28,0.006234071266421741,0.0013580940488593215,0.003629358944530225
550,29,0.012829198017054576,0.0012933694085974683,0.0012933694085974683
550,30,0.013075920810796034,0.0011140088305725555,0.0014468016287986186
550,31,0.004852405103350841,0.0007419659841993305,0.0021036896296881017
550,32,0.007638082943989076,0.0007983758753467008,0.0012197444925175372
550,33,0.008876513556270083,0.00036936164310117904,0.00036936164310117904
550,34,0.013843693256829288,0.0013156173988175515,0.003221379799023856
550,35,0.007837272265011663,0.0020414617608061143,0.0020414617608061143
550,36,0.011129429976253564,0.00055769475422715,0.0005902228601048406
550,37,0.012440547745215667,0.001392153917057263,0.001392153917057263
550,38,0.010634608014795027,0.0004751591488053527,0.0004751591488053527
550,39,0.009590190774296615,0.0011497011502166895,0.0013446816145012987
550,40,0.010374118501580322,0.0016622359324735706,0.0016622359324735706
550,41,0.0040004288643133625,0.0005422743294697487,0.002078281659200627
550,42,0.014657935384442511,0.0008560915292102216,0.0008560915292102216
550,43,0.010411093303258408,0.0012641031643308956,0.0018076661369251712
550,44,0.010634985900885607,0.0008951229057146148,0.0014316210787774313
550,45,0.011971737614791735,0.0012471138299861128,0.0012471138299861128
550,46,0.006151540199763652,0.000996958202760256,0.0014094946691847637
550,47,0.007540646847155357,0.0008576682649885575,0.0010839439960757056
550,48,0.006593048029731016,0.0010144032064992113,0.0010144032064992113
550,49,0.011123041904059,0.0019660153683924296,0.0021237175097663574
600,0,0.009107587607220368,0.001932819191861751,0.0020302252129698016
600,1,0.007320542394116431,0.0008228564416931189,0.0008423167842804928
600,2,0.0113635387009465,0.0005929081043591852,0.0005903249030200572
600,3,0.012881705953360254,0.0012119022656402645,0.004133639781067735
600,4,0.006845580591533201,0.000856253177789303,0.000856253177789303
600,5,0.008630135796847774,0.0016455496833759293,0.0016455496833759293
600,6,0.01233549404345179,0.0011193984528634169,0.0011193984528634169
600,7,0.007860884015961354,0.0012572662905390045,0.0012699695696221619
600,8,0.013967178283976622,0.0010251038590831372,0.0010251038590831372
600,9,0.004592699706190045,0.0004492340006135065,0.00047276394556431463
600,10,0.008548410131344946,0.0009602782767254425,0.0009572547834478162
600,11,0.012157192778620159,0.0008120271760627879,0.0008120271760627879
600,12,0.014909724239880247,0.0014614023285856492,0.0014614023285856492
600,13,0.01229288738872724,0.0010232315023818977,0.0010232315023818977
600,14,0.009533475560335892,0.0012437245814948545,0.002012729702550858
600,15,0.009995434874522568,0.001061985168465044,0.0034692704314178784
600,16,0.0036174223803315518,0.0009249619935456742,0.002465794291453254
600,17,0.006150281660589708,0.0009571905417810342,0.0009571905417810342
600,18,0.0073008606093215266,0.0014239199165336314,0.0024022353183385096
600,19,0.01220530743995784,0.0008422721928573545,0.0015426994168011906
600,20,0.00600764962016645,0.001120203068298772,0.001120203068298772
600,21,0.01128275239109501,0.0007707152677455642,0.0015358249761743244
600,22,0.007390823760431176,0.0005698186617002604,0.001994170309878602
600,23,0.011832718756743918,0.0007544021819228749,0.0007544021819228749
600,24,0.009817206645222273,0.0009000827914114379,0.0012008373592920151
600,25,0.008987580198248937,0.0008325092821887761,0.0008350264764616724
600,26,0.008185730411675784,0.0012684489624154682,0.0012684489624154682
600,27,0.006195926444230032,0.0021698676052925654,0.0021698676052925654
600,28,0.010317804889376813,0.002711615771659756,0.0027291219520408088
600,29,0.008862131416769345,0.0006655631970316629,0.0006655631970316629
600,30,0.016121895131905123,0.0025364894198613634,0.0028080085507559472
600,31,0.007990439164678124,0.0013571587319223671,0.0013571587319223671
600,32,0.007551023448210981,0.0011124047310697486,0.0011997360133501808
600,33,0.005076842775450718,0.0015427583252799867,0.00201864451108766
600,34,0.013182202293030949,0.0015309770081412405,0.0015309770081412405
600,35,0.011376222540038769,0.0008074932189680399,0.0009551315885243774
600,36,0.012028703427562943,0.0008828065591592386,0.001080472607359788
600,37,0.013427152259788092,0.001350837866202088,0.0019626217554374395
600,38,0.009125911140887143,0.0011179531687384317,0.0011179531687384317
600,39,0.011767697062123304,0.001655857540429306,0.001655857540429306
600,40,0.014761376439132494,0.0012679978052656266,0.0012679978052656266
600,41,0.007867936935449151,0.0011341520978168764,0.0011341520978168764
600,42,0.012494063959189226,0.0013135353077713338,0.0026480524432041775
600,43,0.006260625250103982,0.0011025893104600435,0.0013715702616181635
600,44,0.013512247144188578,0.002114877952923638,0.002114877952923638
600,45,0.010270748887429597,0.0010580214618664406,0.0012369645033816017
600,46,0.009562612675225384,0.001214162211129504,0.001214162211129504
600,47,0.01366764067914426,0.0008996542446819931,0.0017115522009874254
600,48,0.009103464990866004,0.0008552210858744724,0.0008552210858744724
600,49,0.012015175887635749,0.0016035682314314255,0.0016661834495116537
650,0,0.013616611491741143,0.0017078216830729595,0.002355828311906146
650,1,0.011162739115898388,0.001067923331185869,0.001067923331185869
650,2,0.01206452508127911,0.0013677850438650937,0.0025581548292776574
650,3,0.01302412534218738,0.0006658428176410984,0.0013075167998886975
650,4,0.010221934074937804,0.0014404267133757518,0.0029206020136126297
650,5,0.011027261298754705,0.001334087903671758,0.001334087903671758
650,6,0.009071154098210547,0.000975871692213351,0.0012911881323200407
650,7,0.004990911519571427,0.001174977442952507,0.001174977442952507
650,8,0.008323173129287842,0.0006321629097315209,0.0007471164114604291
650,9,0.008155751387907952,0.001615435481339284,0.001615435481339284
650,10,0.011997581115204754,0.0009164888849226303,0.0019482330699807666
650,11,0.011173826831569138,0.0019201840044262097,0.0019198746696105972
650,12,0.011771279885249907,0.0008806658001344474,0.0008806658001344474
650,13,0.009649324520928919,0.0011924651580151005,0.00130729308280774
650,14,0.01293165942106863,0.0009539740275139464,0.0009539740275139464
650,15,0.009047130200561266,0.00038844611163254726,0.00038844611163254726
650,16,0.01280182982006471,0.0010765217543596108,0.0018422399686647828
650,17,0.008633403979756215,0.0019063765277947415,0.0023321165825513084
650,18,0.0060807954094348445,0.0019975537384767242,0.0019975537384767242
650,19,0.012047732260537035,0.0006949877035110913,0.0006949877035110913
650,20,0.009153159631173895,0.0007918796323120169,0.0007918796323120169
650,21,0.008503732063769283,0.001063372945848043,0.0021538744842307467
650,22,0.01324633009114081,0.0008393261788618344,0.0008393261788618344
650,23,0.005895593801107617,0.0011128325288367329,0.0011128325288367329
650,24,0.0077014769839116246,0.0008864695753592472,0.0008864695753592472
650,25,0.011580477295138804,0.001095339250420418,0.001095339250420418
650,26,0.011747219084525322,0.0017905819145762794,0.0017905819145762794
650,27,0.01202735954790464,0.001110611078965421,0.0011548117760453679
650,28,0.00911535204942453,0.0014133906346953313,0.0020248111238383424
650,29,0.011741018417527806,0.0009164752236844742,0.0009164752236844742
650,30,0.005581044654720324,0.0006809960293031558,0.0006809960293031558
650,31,0.006653388983490434,0.0010449495897104572,0.0011334568983983712
650,32,0.008132059635599844,0.0013156275087987798,0.0013156275087987798
650,33,0.005727522270876091,0.0008305984459423631,0.0008305984459423631
650,34,0.0056504163897050505,0.0009928330915334293,0.0009928330915334293
650,35,0.009960902127459424,0.0018151490062362236,0.0018151490062362236
650,36,0.010290942235841068,0.0007397659302534396,0.0007787713041946208
650,37,0.0102662637661996,0.0012201863766982447,0.0017306876490844711
650,38,0.012155134643071963,0.001043456122578659,0.0010266124768362737
650,39,0.01465808706419811,0.0008893365953092152,0.0008893365953092152
650,40,0.009460390865029228,0.0009747615098026978,0.0011287604426459645
650,41,0.007719081885190917,0.0016497641029187848,0.0016497641029187848
650,42,0.012168639175196274,0.00086407579113217,0.001019415190678986
650,43,0.00960440406216178,0.0008819405109832653,0.0016457855581543052
650,44,0.011134180012955736,0.00116923499205297,0.00116923499205297
650,45,0.011957688802483529,0.0019059599975902169,0.0026122257850512815
650,46,0.012187574081835302,0.0009339631708380014,0.0009339631708380014
650,47,0.014229400508728762,0.0008176814539889065,0.0008176814539889065
650,48,0.0041289601787547715,0.0009415550513353437,0.0009285070614275198
650,49,0.013911260466667437,0.0009247241164125079,0.0009247241164125079
700,0,0.013714927345909391,0.001243557774559055,0.0017334792511538946
700,1,0.003960081292874785,0.001601535589714021,0.0014706168875783542
700,2,0.012948795019724981,0.0005353635934935264,0.0005353635934935264
700,3,0.0139776740543435,0.0002320979957510911,0.0002320979957510911
700,4,0.003850936521686206,0.0007096339697729424,0.0007096339697729424
700,5,0.013640418081263974,0.0008880428738620919,0.0008880428738620919
700,6,0.012108342200706104,0.0015061868707686946,0.0017276215315394036
700,7,0.004482692053656349,0.0009852993585579893,0.0009852993585579893
700,8,0.004362263764389749,0.0008496405925111734,0.0008496405925111734
700,9,0.011873696005525887,0.001462402358306843,0.001462402358306843
700,10,0.010912731300094895,0.000489513931000582,0.000489513931000582
700,11,0.003695371543961466,0.0006985872434732368,0.001127096434338963
700,12,0.004847935218475476,0.001280914438401286,0.0014378262467178307
700,13,0.007972730093617715,0.0020385645800807765,0.0023507545810703976
700,14,0.0077080303249722,0.0004212147785176236,0.00045063072115296963
700,15,0.007236190156639188,0.0007162988371789548,0.0007185678082142198
700,16,0.013176139866238083,0.0013014228377222043,0.0013014228377222043
700,17,0.009804343837917253,0.0014382082301403955,0.001538962439452254
700,18,0.013420589600887822,0.0008074681636507125,0.0008153357865385783
700,19,0.00921065940015113,0.0008233834119065206,0.0008233834119065206
700,20,0.008567157941290591,0.0014483764349096906,0.0015638348983023568
700,21,0.004245893475716784,0.001969400449824295,0.0022643506466546166
700,22,0.013487321982823503,0.0010590944568624576,0.002202397340015481
700,23,0.012245361000548021,0.0005844772529264152,0.0005844772529264152
700,24,0.011001783295998773,0.0006647440398371558,0.0015306820846286212
700,25,0.01031579622647232,0.0022890435351901033,0.0022538316225178424
700,26,0.006844577772703462,0.0017202390995190583,0.0017202390995190583
700,27,0.006758874540973466,0.0008480571074844971,0.0032313982220044768
700,28,0.009197774066425846,0.000429138412758769,0.000429138412758769
700,29,0.008006607344548038,0.0013046487617156591,0.0013161149684741869
700,30,0.007821436709534073,0.0009812387499118073,0.0010462756933335303
700,31,0.00409373681581159,0.0009756715335561737,0.0009756715335561737
700,32,0.004172372672316142,0.0008982300716208613,0.0009070807784409239
700,33,0.005614599255758693,0.0005178560612048702,0.0005178560612048702
700,34,0.013360326478138042,0.002192672022582434,0.00244269536136991
700,35,0.014053179316035593,0.0009837723617396057,0.0009837723617396057
700,36,0.009150399170791471,0.0010309387952120476,0.0016910286572444475
700,37,0.007641860264885992,0.001530471534870787,0.006437556006832962
700,38,0.009505759089002759,0.000848059271442226,0.0009913416991239334
700,39,0.00451063055977233,0.0007968831464786519,0.0007968831464786519
700,40,0.013355098328658657,0.0007308407046231048,0.0010119206579809548
700,41,0.013843593934802953,0.0006087534564944334,0.0009764076083994408
700,42,0.007402351609933444,0.0008831120226394598,0.0008990961960812796
700,43,0.010645375598853313,0.0008751240988186388,0.0022636888520577818
700,44,0.009725556038186863,0.0006067144829971197,0.0006812507606122055
700,45,0.01267768216481411,0.000716038774208115,0.000716038774208115
700,46,0.009565748007521947,0.0008868101046543372,0.0008868101046543372
700,47,0.009535235205368952,0.0017417135321647584,0.0021676044075345105
700,48,0.005660572232416839,0.0009087518590053955,0.0009087518590053955
700,49,0.0060469177730508635,0.0009246401376592758,0.0011536198989967005
750,0,0.009168326640845265,0.0008563080259909961,0.0008819321271616184
750,1,0.01460821696372131,0.00035325495016705046,0.00035325495016705046
750,2,0.011859015906553406,0.0008343160824427389,0.0008398514750163641
750,3,0.007662678631758155,0.0014506677009068084,0.0029111908083197468
750,4,0.007240118749728058,0.0011723018016564586,0.001381183982413912
750,5,0.011701087190870589,0.0009211005971675451,0.0018484834489828567
750,6,0.009730850904866807,0.0015676508849367936,0.0016992345877222853
750,7,0.006185862246327589,0.001376933963832587,0.001376933963832587
750,8,0.004563794556067129,0.0006919455945382265,0.0007767376381030176
750,9,0.008278549888880868,0.000887646180538691,0.000887646180538691
750,10,0.009926075218835954,0.000170107189807232,0.000170107189807232
750,11,0.006175217619699052,0.0008590289068055789,0.0015685587678445356
750,12,0.013417282158716695,0.0007690530903841787,0.0023441814133729508
750,13,0.011370953370000124,0.0009509760226885214,0.001549268626686439
750,14,0.007448402232378931,0.001095605834427332,0.0010249293078353388
750,15,0.008916994815962913,0.0009695989895611841,0.0014042084125380175
750,16,0.013598777244907188,0.0008921730807167449,0.0008921730807167449
750,17,0.012486117069644692,0.0004973133402200858,0.0006421001787491978
750,18,0.0072425021466162,0.0009509768068763171,0.0009509768068763171
750,19,0.010118427346484533,0.001633682997164212,0.001633682997164212
750,20,0.008898112061895452,0.000409411218862492,0.0005666778274834635
750,21,0.010500737265620216,0.001105557330973093,0.001105557330973093
750,22,0.010607428510403479,0.0008395257078472423,0.0008395257078472423
750,23,0.010945744152169925,0.0011958840047236732,0.0011958840047236732
750,24,0.011066133433109278,0.0009389204623104451,0.0009412524509556166
750,25,0.006140202360355689,0.0015261941809840732,0.0015261941809840732
750,26,0.005226412934283782,0.000755519465269243,0.000755519465269243
750,27,0.011712899351348624,0.0020848931300710906,0.0020848931300710906
750,28,0.008784413973855421,0.0010950044096352416,0.0010950044096352416
750,29,0.0066112576939255695,0.0010478191605307326,0.0010478191605307326
750,30,0.004178751643410838,0.0007421917737875779,0.003016692978647353
750,31,0.005865369953505768,0.002006737194946025,0.002005084151179837
750,32,0.009493442932127871,0.0009206796314801288,0.0009206796314801288
750,33,0.006355596918692641,0.0006825596937623272,0.0006825596937623272
750,34,0.011534322195701711,0.0009906355346992555,0.0025248367653385455
750,35,0.011793505318455471,0.0014098162873809376,0.0014098162873809376
750,36,0.010376401424826624,0.0008266083173040983,0.0011057573594370719
750,37,0.012746247358086776,0.0008323354849250778,0.0008323354849250778
750,38,0.0077578750312048165,0.0005517144613368216,0.0005517144613368216
750,39,0.012474498393145144,0.0013999497051647236,0.0013999497051647236
750,40,0.007523161335422689,0.0011197569865667141,0.0011197569865667141
750,41,0.010793169061310136,0.0008052440398186528,0.0008052440398186528
750,42,0.011360525514911672,0.0009455870588054151,0.0009455870588054151
750,43,0.013087807140547391,0.001408194669302615,0.001408194669302615
750,44,0.013309813619655598,0.0009159598759404951,0.0009159598759404951
750,45,0.011047905601136342,0.001230863496005777,0.001230863496005777
750,46,0.0037955250256411937,0.0007926779240810711,0.0007926779240810711
750,47,0.01049785177376282,0.0005661544068705027,0.0007392972779148355
750,48,0.00833250782296502,0.0016563596103927334,0.0016563596103927334
750,49,0.010606776800362488,0.00042258483880440353,0.00042258483880440353
800,0,0.013863834013269925,0.0011631670921636238,0.0016634547114265275
800,1,0.01030755071378082,0.0009190282156004936,0.0015382581167535797
800,2,0.008707247827383035,0.0009188967343438846,0.0009188967343438846
800,3,0.0128844387527633,0.0008174806795298679,0.0008174806795298679
800,4,0.0077031345410091155,0.0006970283402154233,0.0007376361951864038
800,5,0.008229044479117053,0.0008527061990265593,0.0009435997785912325
800,6,0.010047413266681326,0.0014033248874501744,0.001367254016239538
800,7,0.014212583388451208,0.0015712451211583544,0.0023423245394151963
800,8,0.0058178893772455635,0.0006536444528544523,0.0006536444528544523
800,9,0.010497322517657202,0.0013266937628099214,0.0013266937628099214
800,10,0.010110869984066262,0.0007321773972743508,0.0011655708610484798
800,11,0.010660033345786633,0.0005510317531745121,0.0005510317531745121
800,12,0.006907202493323495,0.0007548052776191591,0.0007548052776191591
800,13,0.01128938215772921,0.0008028044567248719,0.0008028044567248719
800,14,0.008189934624619135,0.0014797167105757006,0.0014797167105757006
800,15,0.012165474460745163,0.0006177717974292852,0.0006177717974292852
800,16,0.003869188133567187,0.0009460513634513164,0.0012385950846507169
800,17,0.007513815544037259,0.0006660678100871048,0.0006683085660433662
800,18,0.01413026009997888,0.000535721722706645,0.000535721722706645
800,19,0.012205502465196964,0.0007872110099247148,0.0009473693521340333
800,20,0.013011661970713436,0.0007535363184265363,0.0007535363184265363
800,21,0.012275270780064488,0.0017971241066981523,0.001965303795090077
800,22,0.00928257314972062,0.0014683723595575813,0.0015670235911778654
800,23,0.004225312368106797,0.0016417219216790942,0.0016417219216790942
800,24,0.0100003143816125,0.0007069058652799769,0.0007069058652799769
800,25,0.011932655954667894,0.00027918306132230223,0.0002968881881837692
800,26,0.013028583327403705,0.0007425043452390332,0.0007425043452390332
800,27,0.005390305036433619,0.0015217114149570948,0.0039629215863296735
800,28,0.008221946102856125,0.001242476342010196,0.001242476342010196
800,29,0.013200929838851993,0.0009532033742780949,0.001445910260646984
800,30,0.004423295825469021,0.0009396688985347352,0.0009769755251790965
800,31,0.006932854929866296,0.0011053695281135118,0.0011053695281135118
800,32,0.009711967003142686,0.0010704588837164271,0.0010704588837164271
800,33,0.012324760927014993,0.0006355817342994486,0.0006355817342994486
800,34,0.00900153663213771,0.0010336423756143194,0.0011563898943819921
800,35,0.013114388117117853,0.0013338178198085764,0.0013338178198085764
800,36,0.009318501762917344,0.0010191999384672587,0.0010191999384672587
800,37,0.006822536000653324,0.001164664764335218,0.001164664764335218
800,38,0.012137061209816294,0.0006927478252547515,0.0009855075215842793
800,39,0.01362699001422868,0.00035385668893846514,0.00035385668893846514
800,40,0.009273951012665411,0.0007374065389899024,0.0007374065389899024
800,41,0.00852687598109805,0.0011155469989284933,0.002187043288618429
800,42,0.008669677580889781,0.0009146663877947215,0.0009177869623644559
800,43,0.007375158292363472,0.0009068575671293215,0.000997466541082224
800,44,0.012530686104044784,0.0007815892806231453,0.0007815892806231453
800,45,0.009325904811296826,0.0006460568076902694,0.0007780894297063271
800,46,0.011469088393222358,0.0005116392100527221,0.0005116392100527221
800,47,0.012578359607051177,0.0013971212686008224,0.0013971212686008224
800,48,0.006862644847395754,0.0009933502408200762,0.0009446304608392933
800,49,0.010955422444125097,0.0009176706093682065,0.0009176706093682065
850,0,0.010158091241407253,0.0014474870559276038,0.0014474870559276038
850,1,0.007947090299795753,0.0006761829764789621,0.0006761829764789621
850,2,0.009951107248359762,0.0016970942152228058,0.0016970942152228058
850,3,0.006959815579783578,0.001042975222211077,0.001042975222211077
850,4,0.012081762161896468,0.0008859471180566424,0.0008992671873494027
850,5,0.007095428626588613,0.0007187284552928485,0.0007187284552928485
850,6,0.009509881641545039,0.0005255271192042958,0.0005255271192042958
850,7,0.011328642523981237,0.0008224054072239582,0.0008224054072239582
850,8,0.007864091529679979,0.0003333903518500773,0.0003748975631150212
850,9,0.008843000803382399,0.001192181650337326,0.001192181650337326
850,10,0.008567275448012826,0.0007428044620008238,0.0007428044620008238
850,11,0.014045316143685205,0.000222958076786524,0.000222958076786524
850,12,0.008833333368375834,0.0012334800638891554,0.0012334800638891554
850,13,0.007446584043529325,0.000688295671181762,0.001551072995666106
850,14,0.004542654301096275,0.0010495654240482133,0.0024944780976421917
850,15,0.011444643792048279,0.0005905089316440547,0.0005905089316440547
850,16,0.013181500173679521,0.0015570222525054717,0.0016569488880374397
850,17,0.012934238002056652,0.001305078909836636,0.001305078909836636
850,18,0.008662196578710512,0.0005196281150849493,0.0008994647127118857
850,19,0.013607404493102724,0.0007884065616427832,0.0007884065616427832
850,20,0.0056750793336262685,0.00040393110773701566,0.00040393110773701566
850,21,0.008020933498877695,0.000779226891252031,0.0007862145538411627
850,22,0.006871350246526745,0.0008693025729517796,0.0024158834525432452
850,23,0.011009162221479457,0.001003102571133011,0.001979708711603655
850,24,0.009801294752351326,0.0006192059548135356,0.0006192059548135356
850,25,0.006642894301581204,0.0002959233266884435,0.0003058572318342688
850,26,0.01045746780660729,0.0005895607938819244,0.0005656806899024722
850,27,0.014287109793376718,0.0005170172096129203,0.0006141782016740273
850,28,0.005972105628623562,0.0010254039709813294,0.002170796799434866
850,29,0.006238092808201632,0.000383886719513393,0.000383886719513393
850,30,0.014316895514365735,0.00031118067538799226,0.0005177103383421795
850,31,0.012527701909662202,0.0007815968993637879,0.0007815968993637879
850,32,0.011800087066888376,0.0007864935452784327,0.0007864935452784327
850,33,0.00841440667634743,0.0007198482912910424,0.0023856665023388266
850,34,0.01332685035233057,0.0011644343651073844,0.0014362053450983079
850,35,0.004028969996193618,0.0005944790161389224,0.0007486118653828146
850,36,0.010496542395591555,0.0008959847117219991,0.0008959847117219991
850,37,0.01280749034324606,0.0005144918245012146,0.0005144918245012146
850,38,0.010566600226731237,0.001543897736102592,0.001543897736102592
850,39,0.010535948012330612,0.0010289550988944558,0.0010289550988944558
850,40,0.010762293458211223,0.0007089720281671598,0.0008175664231351749
850,41,0.010825132816295943,0.000555669335486331,0.000555669335486331
850,42,0.010805937350966624,0.0006183718283277205,0.0006183718283277205
850,43,0.00959170483425245,0.0007659652258601912,0.0007659652258601912
850,44,0.015023368234598194,0.0014812577222117853,0.0014812577222117853
850,45,0.009967988909796294,0.0005852921197068107,0.0008093186587236335
850,46,0.00931184306528389,0.0007753332449394562,0.0007753332449394562
850,47,0.013093764585958075,0.0004392157162009245,0.0004392157162009245
850,48,0.01315504223852567,0.0010940680582402552,0.0010940680582402552
850,49,0.005461538251173232,0.0006856418660960364,0.002084308830174166
900,0,0.012527883969264903,0.0006562873805225013,0.0007934359600212506
900,1,0.010481957767450804,0.000667556909183405,0.000667556909183405
900,2,0.007890374244976246,0.000369756295342188,0.0006789360072983797
900,3,0.010056869643163928,0.0006678386978333096,0.000797859870448778
900,4,0.007312729818763341,0.0007544391873770975,0.0007544391873770975
900,5,0.012063778921532124,0.0008054363742836053,0.0008054363742836053
900,6,0.012059258594064344,0.0011121807446583956,0.0011121807446583956
900,7,0.013830577492986369,0.0006950439339864442,0.0006950439339864442
900,8,0.003711389235285955,0.0007728792575377438,0.0012166806737990022
900,9,0.005460270518208471,0.001045102260594073,0.0012298121200744305
900,10,0.0103983225807653,0.000558114177206647,0.0007459162136559928
900,11,0.009120491257884377,0.0006258143439744926,0.001119066192835657
900,12,0.013957164706158516,0.0007415647794094899,0.0007415647794094899
900,13,0.00702214325399517,0.0008600999823250869,0.0009067394775025596
900,14,0.00392710717949232,0.0008855376169726696,0.0008855376169726696
900,15,0.006163694046757254,0.0006932550592215792,0.0008587315737975681
900,16,0.00701383545465989,0.0016601044998672992,0.0016692330830051377
900,17,0.012775455623155473,0.00039791757403594423,0.00039791757403594423
900,18,0.006455536248120056,0.001012005831942201,0.001012005831942201
900,19,0.01449018914269659,0.0004205192809092919,0.0004205192809092919
900,20,0.013754650205742756,0.0003933286606547351,0.0008700210640876864
900,21,0.009712607804996292,0.0008546867658885814,0.0010389326139267217
900,22,0.009379448765152131,0.0011533764620580934,0.001840841360075628
900,23,0.009811415894374004,0.001263344877117652,0.001263344877117652
900,24,0.0055783071798782445,0.00019169140236897686,0.00019169140236897686
900,25,0.005914121498327417,0.0006711543575226189,0.0030956148637498486
900,26,0.007859358143566725,0.0009939243935503674,0.0012710020512125596
900,27,0.00437656903598128,0.0011800659356650638,0.001839263233129919
900,28,0.011207729280460078,0.0006533631371979773,0.0006533631371979773
900,29,0.013182537320870776,0.001078138031963572,0.0011133203449112709
900,30,0.010386638217711498,0.0010887311160953429,0.0010887311160953429
900,31,0.00601838189511555,0.0004398173326524504,0.0004398173326524504
900,32,0.008082841061156223,0.00035621051376852965,0.00035621051376852965
900,33,0.01173910517635499,0.0005403015997237685,0.0005403015997237685
900,34,0.008337475024896514,0.001161947170733451,0.0031595438079482607
900,35,0.0078024598485760465,0.0005261557618827829,0.0005261557618827829
900,36,0.012936130875042766,0.0006871547876766202,0.0008126469820722959
900,37,0.013914063962091683,0.00014803826341882795,0.0001665330435757284
900,38,0.012593762906174396,0.0004797825053098617,0.0004797825053098617
900,39,0.005811011652860281,0.0003242862284022529,0.0011225484513104516
900,40,0.014361515980923278,0.0005469155957812857,0.0005658153573635232
900,41,0.014498764855860982,0.0007981500934956143,0.0007981500934956143
900,42,0.010343546194139817,0.0005154393482187308,0.0005154393482187308
900,43,0.007771681523532622,0.0007969380744305153,0.0012929325334053593
900,44,0.010188716475924085,0.0009967745840207462,0.0009967745840207462
900,45,0.005234318955135343,0.000722693116278305,0.000722693116278305
900,46,0.010121316033728442,0.0006077257737991289,0.0005722890737066693
900,47,0.008150098520551147,0.0007582296701304374,0.0008657416988093374
900,48,0.009981327197945143,0.0008031600775290975,0.0008521428545760143
900,49,0.011878297039144097,0.0006042717740920904,0.0007428459254121149
950,0,0.011413308706253083,0.0006887280094615874,0.0006887280094615874
950,1,0.013118241519813344,0.0004093736464267718,0.0004093736464267718
950,2,0.012646406833179318,0.0007341840718908311,0.0007341840718908311
950,3,0.009388010656213155,0.000537828603889996,0.000537828603889996
950,4,0.011633664879148574,0.0007353206486609356,0.0007353206486609356
950,5,0.01107280608497558,0.0005429777746805139,0.0005429777746805139
950,6,0.012495706300380946,0.0008793636675477764,0.0010035440603995375
950,7,0.009188672715355499,0.0014834223150811381,0.0013462522285026765
950,8,0.01330468598659298,0.00046707871931233355,0.0007752384745840671
950,9,0.010438149799682297,0.0007433209130088245,0.0007433209130088245
950,10,0.004766772171663605,0.0008200032020711738,0.0009080896754908742
950,11,0.005923157431049046,0.000830860671800842,0.000830860671800842
950,12,0.006118284083101841,0.00043411744051757845,0.00044616559109818493
950,13,0.013153894803916908,0.0004124114940491157,0.00042723086345204046
950,14,0.011627814636643925,0.0007277492379236751,0.0007277492379236751
950,15,0.005767895403698017,0.0006416913531735072,0.0006416913531735072
950,16,0.003977414868019734,0.0003723507626552222,0.0003723507626552222
950,17,0.004393830792761537,0.000573340305945465,0.000573340305945465
950,18,0.012739204363811403,0.0006850955206651879,0.0006850955206651879
950,19,0.008255362805860622,0.001120172439082726,0.0010258225393092325
950,20,0.012842038810305934,0.0011086351801038981,0.0011086351801038981
950,21,0.008950720674521911,0.0007364990167234289,0.0007364990167234289
950,22,0.01448169670900435,0.00019272384944043895,0.0001969253580947219
950,23,0.008876623707710314,0.0007474351499394332,0.0007474351499394332
950,24,0.007978495016754772,0.0012264897543352853,0.0012264897543352853
950,25,0.012132372219294238,0.0008708276084136139,0.000976847665943731
950,26,0.009184308982746945,0.0010401308588521793,0.0018192461681572744
950,27,0.013619714349583168,0.000531789233120563,0.000531789233120563
950,28,0.010469890225415866,0.0011532535647717451,0.0018942425830148074
950,29,0.014747729923169101,0.0006987737121407133,0.0008115063591410432
950,30,0.011843122797111036,0.0005692890940483946,0.001168665094383447
950,31,0.007378676171808608,0.0004926495038662103,0.0004926495038662103
950,32,0.013170660356042342,0.0006690383767395259,0.0007726987496095869
950,33,0.011939530036707264,0.0006179116402464896,0.0006179116402464896
950,34,0.013842054370806291,0.0006566814094312798,0.0006566814094312798
950,35,0.012261877546801487,0.0008743465600197453,0.0020888212239260993
950,36,0.011582298973026997,0.0006223237093163299,0.0006223237093163299
950,37,0.011449926255551461,0.0006517621566219659,0.0006517621566219659
950,38,0.006847770959411938,0.00043061833732725317,0.0009777793539334472
950,39,0.011319288015293884,0.0006905274855569793,0.0012232400278891665
950,40,0.00553304302994754,0.0002819421050598383,0.0002819421050598383
950,41,0.012027872957743123,0.0008620667081847228,0.0023043099604813603
950,42,0.0037087465053672127,0.0008314859641687706,0.0008314859641687706
950,43,0.004308856664667012,0.0007704690789433922,0.0007704690789433922
950,44,0.007645143442672845,0.0008221310017884114,0.00095765985964772
950,45,0.009510206752981976,0.00045948011363837476,0.00045948011363837476
950,46,0.014164315277564432,0.0006158328417481762,0.0006158328417481762
950,47,0.0076507639360551775,0.0005185540819152624,0.0005185540819152624
950,48,0.010067913252552187,0.0019254168002681515,0.0019254168002681515
950,49,0.008387353631831856,0.0005162708441267571,0.0005162708441267571
1000,0,0.009627482581262722,0.0004041979735247714,0.001728599269657692
1000,1,0.012037194597351496,0.000671650015983777,0.000671650015983777
1000,2,0.012425464795221865,0.0003965520121046865,0.0003965520121046865
1000,3,0.0035991929347270906,0.000814222804843182,0.000814222804843182
1000,4,0.013540525369368107,0.0007940769343571468,0.0007940769343571468
1000,5,0.009338673714123672,0.001168529010159601,0.0020995536890902255
1000,6,0.01286210301764252,0.00044865947995307784,0.00044865947995307784
1000,7,0.007769004743612933,0.0004805806091808303,0.0004805806091808303
1000,8,0.009928909922320471,0.0006148112459429028,0.0010775153395706448
1000,9,0.012180279331564322,0.0010057355931499313,0.0010057355931499313
1000,10,0.012000678290810956,0.0006997515930799709,0.0006997515930799709
1000,11,0.012005122771004411,0.0009200679178181409,0.0009866282846769194
1000,12,0.013110649462789932,0.0006246087687425758,0.0006246087687425758
1000,13,0.009325365149174003,0.0009152927661787291,0.0009152927661787291
1000,14,0.011171210214999856,0.0009098589044790498,0.000995717892724272
1000,15,0.00683228301973635,0.0006744762959418959,0.0006744762959418959
1000,16,0.012533939185325143,0.0004359798958272767,0.0004359798958272767
1000,17,0.005217186308640754,0.0005410885534638459,0.0005410885534638459
1000,18,0.014442211109342826,0.00023956105660076184,0.00023956105660076184
1000,19,0.00822451232636789,0.0007210017055020744,0.0007210017055020744
1000,20,0.010268663344777962,0.0004491367923789625,0.0004491367923789625
1000,21,0.009330479666384313,0.0007984262952388318,0.0007984262952388318
1000,22,0.013951964508047601,0.0005109143417236058,0.0010281173992836698
1000,23,0.006717383642055218,0.00030717099614483345,0.00030717099614483345
1000,24,0.011503852372574775,0.0007074352495281069,0.0009998666992543758
1000,25,0.006086524746201768,0.0007831531622133123,0.0007831531622133123
1000,26,0.003883076367099572,0.0007239159436752022,0.0007239159436752022
1000,27,0.0045071620422053186,0.0002506041931170591,0.0002506041931170591
1000,28,0.009841365201766318,0.0009036493627540771,0.0009036493627540771
1000,29,0.005826085645140566,0.0009930108527751722,0.0020474847696198353
1000,30,0.007956471599508828,0.0005143848114367889,0.0005143848114367889
1000,31,0.013602741120531342,0.0005744578696274312,0.0005865896224492967
1000,32,0.011343810634314446,0.0011843025259629875,0.0016788028279981374
1000,33,0.015254672865942918,0.001138738238410165,0.001138738238410165
1000,34,0.007599247382743365,0.0008701120062523076,0.0018644757419120958
1000,35,0.007310482433307242,0.00026881772342300344,0.00026881772342300344
1000,36,0.010728888340110028,0.00038399852796593066,0.00038399852796593066
1000,37,0.00591693105562926,0.000669860654770675,0.0019020742261753071
1000,38,0.008915646372992808,0.000829517847340024,0.000985394166463942
1000,39,0.00999710881418473,0.0004264016857112461,0.0004264016857112461
1000,40,0.005691663265059364,0.0007041978199417276,0.0007041978199417276
1000,41,0.013363244281423003,0.0005208524525027459,0.0005208524525027459
1000,42,0.009892150285356515,0.0004539853421104997,0.0013997796053000595
1000,43,0.011389492320463695,0.0006401156312229915,0.0006417171892850414
1000,44,0.014247217260517813,0.0007431444057711116,0.0027227385821093327
1000,45,0.00931455501219566,0.0008554103381874347,0.0008554103381874347
1000,46,0.008646809479616746,0.0004626863542375141,0.0004626863542375141
1000,47,0.010682206479211396,0.0004619781549004756,0.0004619781549004756
1000,48,0.007034695967935847,0.0005016122847979321,0.0013562377615701166
1000,49,0.01440846694911631,0.0011321762753183273,0.0011321762753183273
