config,train_mse,val_mse
"{'activation': 'elu', 'batch_size': 256, 'depth': 1, 'hidden': 32, 'lr': 0.01, 'max_epochs': 200, 'patience': 30, 'weight_decay': 0.0001}",0.21890229452446636,0.21492160230308088
"{'activation': 'elu', 'batch_size': 256, 'depth': 1, 'hidden': 32, 'lr': 0.001, 'max_epochs': 200, 'patience': 30, 'weight_decay': 0.0001}",0.21998128621154892,0.21653807002984357
"{'activation': 'elu', 'batch_size': 256, 'depth': 1, 'hidden': 64, 'lr': 0.01, 'max_epochs': 200, 'patience': 30, 'weight_decay': 0.0001}",0.2217984518511861,0.2182342222466648
"{'activation': 'elu', 'batch_size': 256, 'depth': 1, 'hidden': 64, 'lr': 0.001, 'max_epochs': 200, 'patience': 30, 'weight_decay': 0.0001}",0.21959235701985144,0.2158529591881831
"{'activation': 'elu', 'batch_size': 256, 'depth': 1, 'hidden': 128, 'lr': 0.01, 'max_epochs': 200, 'patience': 30, 'weight_decay': 0.0001}",0.22404645503763265,0.22017183963856762
"{'activation': 'elu', 'batch_size': 256, 'depth': 1, 'hidden': 128, 'lr': 0.001, 'max_epochs': 200, 'patience': 30, 'weight_decay': 0.0001}",0.22042349544997983,0.21694968781732218
"{'activation': 'elu', 'batch_size': 256, 'depth': 2, 'hidden': 32, 'lr': 0.01, 'max_epochs': 200, 'patience': 30, 'weight_decay': 0.0001}",0.21944769544830478,0.21541588422372154
"{'activation': 'elu', 'batch_size': 256, 'depth': 2, 'hidden': 32, 'lr': 0.001, 'max_epochs': 200, 'patience': 30, 'weight_decay': 0.0001}",0.21991313797370954,0.21609514977596192
"{'activation': 'elu', 'batch_size': 256, 'depth': 2, 'hidden': 64, 'lr': 0.01, 'max_epochs': 200, 'patience': 30, 'weight_decay': 0.0001}",0.21982486827005743,0.21646644797383666
"{'activation': 'elu', 'batch_size': 256, 'depth': 2, 'hidden': 64, 'lr': 0.001, 'max_epochs': 200, 'patience': 30, 'weight_decay': 0.0001}",0.2192776097324318,0.21534952865908272
"{'activation': 'elu', 'batch_size': 256, 'depth': 2, 'hidden': 128, 'lr': 0.01, 'max_epochs': 200, 'patience': 30, 'weight_decay': 0.0001}",0.22133778841416668,0.21688441530186886
"{'activation': 'elu', 'batch_size': 256, 'depth': 2, 'hidden': 128, 'lr': 0.001, 'max_epochs': 200, 'patience': 30, 'weight_decay': 0.0001}",0.22027356829309647,0.2164609070502784
"{'activation': 'elu', 'batch_size': 256, 'depth': 3, 'hidden': 32, 'lr': 0.01, 'max_epochs': 200, 'patience': 30, 'weight_decay': 0.0001}",0.2190567709422419,0.2150681670368147
"{'activation': 'elu', 'batch_size': 256, 'depth': 3, 'hidden': 32, 'lr': 0.001, 'max_epochs': 200, 'patience': 30, 'weight_decay': 0.0001}",0.21909948615687258,0.21526328261956332
"{'activation': 'elu', 'batch_size': 256, 'depth': 3, 'hidden': 64, 'lr': 0.01, 'max_epochs': 200, 'patience': 30, 'weight_decay': 0.0001}",0.21932829780799706,0.21500555935347296
"{'activation': 'elu', 'batch_size': 256, 'depth': 3, 'hidden': 64, 'lr': 0.001, 'max_epochs': 200, 'patience': 30, 'weight_decay': 0.0001}",0.22039883858048193,0.2166547305518057
"{'activation': 'elu', 'batch_size': 256, 'depth': 3, 'hidden': 128, 'lr': 0.01, 'max_epochs': 200, 'patience': 30, 'weight_decay': 0.0001}",0.2217471615914332,0.21754964329457843
"{'activation': 'elu', 'batch_size': 256, 'depth': 3, 'hidden': 128, 'lr': 0.001, 'max_epochs': 200, 'patience': 30, 'weight_decay': 0.0001}",0.22039451743808366,0.21655998278348093
"{'activation': 'elu', 'batch_size': 1024, 'depth': 1, 'hidden': 32, 'lr': 0.01, 'max_epochs': 200, 'patience': 30, 'weight_decay': 0.0001}",0.21942319116599723,0.21525139503095442
"{'activation': 'elu', 'batch_size': 1024, 'depth': 1, 'hidden': 32, 'lr': 0.001, 'max_epochs': 200, 'patience': 30, 'weight_decay': 0.0001}",0.23253948790057682,0.22996795511322124
"{'activation': 'elu', 'batch_size': 1024, 'depth': 1, 'hidden': 64, 'lr': 0.01, 'max_epochs': 200, 'patience': 30, 'weight_decay': 0.0001}",0.22105714185017752,0.21738404629750432
"{'activation': 'elu', 'batch_size': 1024, 'depth': 1, 'hidden': 64, 'lr': 0.001, 'max_epochs': 200, 'patience': 30, 'weight_decay': 0.0001}",0.2357422175607789,0.23294979531218465
"{'activation': 'elu', 'batch_size': 1024, 'depth': 1, 'hidden': 128, 'lr': 0.01, 'max_epochs': 200, 'patience': 30, 'weight_decay': 0.0001}",0.22717771838140258,0.2245137737252842
"{'activation': 'elu', 'batch_size': 1024, 'depth': 1, 'hidden': 128, 'lr': 0.001, 'max_epochs': 200, 'patience': 30, 'weight_decay': 0.0001}",0.23784111032034858,0.23495273719506848
"{'activation': 'elu', 'batch_size': 1024, 'depth': 2, 'hidden': 32, 'lr': 0.01, 'max_epochs': 200, 'patience': 30, 'weight_decay': 0.0001}",0.22011279226068242,0.21608987171435182
"{'activation': 'elu', 'batch_size': 1024, 'depth': 2, 'hidden': 32, 'lr': 0.001, 'max_epochs': 200, 'patience': 30, 'weight_decay': 0.0001}",0.23301518765187634,0.23002709865661608
"{'activation': 'elu', 'batch_size': 1024, 'depth': 2, 'hidden': 64, 'lr': 0.01, 'max_epochs': 200, 'patience': 30, 'weight_decay': 0.0001}",0.22210778812202456,0.21857404537006506
"{'activation': 'elu', 'batch_size': 1024, 'depth': 2, 'hidden': 64, 'lr': 0.001, 'max_epochs': 200, 'patience': 30, 'weight_decay': 0.0001}",0.2372389137443058,0.23428404308349884
"{'activation': 'elu', 'batch_size': 1024, 'depth': 2, 'hidden': 128, 'lr': 0.01, 'max_epochs': 200, 'patience': 30, 'weight_decay': 0.0001}",0.2366740872015644,0.2340617810384588
"{'activation': 'elu', 'batch_size': 1024, 'depth': 2, 'hidden': 128, 'lr': 0.001, 'max_epochs': 200, 'patience': 30, 'weight_decay': 0.0001}",0.23822675032089852,0.23517178051066234
"{'activation': 'elu', 'batch_size': 1024, 'depth': 3, 'hidden': 32, 'lr': 0.01, 'max_epochs': 200, 'patience': 30, 'weight_decay': 0.0001}",0.22103998601284586,0.2170422353496706
"{'activation': 'elu', 'batch_size': 1024, 'depth': 3, 'hidden': 32, 'lr': 0.001, 'max_epochs': 200, 'patience': 30, 'weight_decay': 0.0001}",0.23331243019480477,0.2310770979621032
"{'activation': 'elu', 'batch_size': 1024, 'depth': 3, 'hidden': 64, 'lr': 0.01, 'max_epochs': 200, 'patience': 30, 'weight_decay': 0.0001}",0.23288403510620614,0.23046233178659103
"{'activation': 'elu', 'batch_size': 1024, 'depth': 3, 'hidden': 64, 'lr': 0.001, 'max_epochs': 200, 'patience': 30, 'weight_decay': 0.0001}",0.23757934784824292,0.2346795858673986
"{'activation': 'elu', 'batch_size': 1024, 'depth': 3, 'hidden': 128, 'lr': 0.01, 'max_epochs': 200, 'patience': 30, 'weight_decay': 0.0001}",0.24753795817679047,0.24483330715146687
"{'activation': 'elu', 'batch_size': 1024, 'depth': 3, 'hidden': 128, 'lr': 0.001, 'max_epochs': 200, 'patience': 30, 'weight_decay': 0.0001}",0.23982166696930926,0.2368134747588324
