number,mean_noise
0,0.3849021462819212
1,0.3972847488616174
2,0.571269241990075
3,0.28162117889407895
4,0.3565996743337209
5,0.4379867061158219
6,0.5917603570893045
7,0.43528712906012657
8,0.3383627642908508
9,0.20892634894997258
10,0.2752363077541596
11,0.41577560246801604
12,0.32276424969162504
13,0.42266233160520417
14,0.569835618090705
15,0.34907257463643787
16,0.40903407900352584
17,0.414602239942616
18,0.6397583429640995
19,0.5197631954390562
20,0.34219725290097763
21,0.42014822347660075
22,0.39076446553437577
23,0.5444086759060212
24,0.5013372000211708
25,0.5047217796390219
26,0.2855675166519978
27,0.45537692564602905
28,0.5165106724761698
29,0.4994711406519523
30,0.2922017058006734
31,0.38897537858467224
32,0.4577438235473779
33,0.40014196985879613
34,0.4613903278832611
35,0.34300421589366914
36,0.529449275169939
37,0.5762785723674592
38,0.4017698391275389
39,0.3824908587760401
40,0.4352552154398505
41,0.4067411029338716
42,0.37033720478955595
43,0.5517382169272053
44,0.46454005480229377
45,0.41595774464856683
46,0.27529510926320433
47,0.41148567686038
48,0.4717709962444946
49,0.3159443707201007
50,0.5486606652716745
51,0.3166231479770014
52,0.3609845888653347
53,0.3617034278527084
54,0.3134771984395854
55,0.2838015267953016
56,0.46975643108863674
57,0.41655383497066295
58,0.4627491463760584
59,0.36842363593008964
60,0.44501969518066686
61,0.36321142139008367
62,0.49478342148520243
63,0.41663991128031036
64,0.5615350507085533
65,0.40295785272894574
66,0.39735827643958666
67,0.27714973553917127
68,0.6145571669898615
69,0.26844120094420476
70,0.473316030704354
71,0.38328909360223334
72,0.5102064498704495
73,0.5507186917857134
74,0.37832815831831257
75,0.44548262446204495
76,0.43756982007485096
77,0.4283651284262936
78,0.40449809528495145
79,0.44891674735234904
80,0.5500802961147868
81,0.4738006544856891
82,0.4755773031315373
83,0.31272073126942035
84,0.3945524422144273
85,0.4494973373936069
86,0.2321027340534385
87,0.4011398610335035
88,0.4137730142365269
89,0.4153726229317652
90,0.39415989721846423
91,0.48116204976424587
92,0.43600186025247284
93,0.4988030461400023
94,0.3031657071349086
95,0.4105986374090239
96,0.3999999398456813
97,0.24878277761376685
98,0.36484057530128267
99,0.3278509374658672
100,0.39874305459372256
101,0.27640048148981766
102,0.3700033054311121
103,0.3557428616690739
104,0.4798934735558217
105,0.41083041420304217
106,0.262159290772287
107,0.4032267095443055
108,0.4612372137644554
109,0.44788350527802273
110,0.4953554853378085
111,0.3090556040944878
112,0.36545836921178754
113,0.5324592264990234
114,0.41531793949555607
115,0.25384746911911393
116,0.4659448258090155
117,0.42768414200518884
118,0.4291258035132748
119,0.29887648464939354
120,0.466684476885937
121,0.5401369239463691
122,0.35226106488971837
123,0.4450605864151644
124,0.33854547428437337
125,0.3997393733444633
126,0.3370055092810598
127,0.42080464742080276
128,0.30722619682333896
129,0.4305522431346126
130,0.3161138992204002
131,0.5153251727047077
132,0.437274871736587
133,0.46767396988571946
134,0.3620960847696054
135,0.36274129042933145
136,0.47401260984996163
137,0.33396645066899516
138,0.42401464563166824
139,0.5677091043429616
140,0.510776912056461
141,0.3743179581422918
142,0.25076448247013977
143,0.3908554146846541
144,0.5606830949508862
145,0.26995720285994057
146,0.3649585894974394
147,0.3007847491547949
148,0.5230995688996087
149,0.4688068670863222
150,0.3402294873136747
151,0.40382595205850924
152,0.3359015670810222
153,0.34785735056247175
154,0.41390248196655915
155,0.5089441627469921
156,0.34669134540609764
157,0.7769934876386974
158,0.3985094667465379
159,0.4150429491538543
160,0.31287711196261164
161,0.6913337842100408
162,0.22178538000560166
163,0.31354796474138596
164,0.3783711335017133
165,0.2185516752142344
166,0.280497926351322
167,0.4319461815246749
168,0.3826476388639568
169,0.4105670243522785
170,0.3196344844955389
171,0.278634401137683
172,0.4714309190512901
173,0.3454387356566591
174,0.4442688434413228
175,0.42512494397642975
176,0.4874556307478475
177,0.21603284554351093
178,0.5702175015057545
179,0.3250754956552216
180,0.29353815531934196
181,0.7115434652460583
182,0.3592153721367257
183,0.3415730348660792
184,0.2285519644795609
185,0.3863295656108822
186,0.41117721225437487
187,0.3858303307836805
188,0.3721946064520774
189,0.42451494497598624
190,0.34029776557685304
191,0.40156562641404997
192,0.4599577870880932
193,0.29165346450323176
194,0.40696247088446563
195,0.3154490722198437
196,0.4031622823795256
197,0.32239104174533667
198,0.228735724492988
199,0.31342994818438474
200,0.5448234494432299
201,0.2979332160774411
202,0.38505885930668593
203,0.3369717028941823
204,0.4693357278023598
205,0.478444584795834
206,0.2317236483977796
207,0.43272516233203584
208,0.5405516079141613
209,0.4455055694868995
210,0.35759306658301276
211,0.33431636204468257
212,0.3693507831894966
213,0.49441601629475374
214,0.39925803722948233
215,0.4090022271483797
216,0.3960762865831649
217,0.2904012114865586
218,0.6083487812169838
219,0.40611315532840686
220,0.23371053032077502
221,0.3438323308528612
222,0.30663449159325895
223,0.35114190988120436
224,0.40267100487488827
225,0.5038685710697205
226,0.5001989628585543
227,0.3179063268131108
228,0.448956668526634
229,0.40343291514945356
230,0.2891097360354528
231,0.34775965729263575
232,0.34331258485530236
233,0.5698970019332884
234,0.3839754431923158
235,0.27701537111486507
236,0.4714104786432637
237,0.5685706723789993
238,0.538790743860149
239,0.3199833666829144
240,0.3483583025203142
241,0.3712352682595017
242,0.3543291958307024
243,0.3366571875891948
244,0.3114035877119358
245,0.32526818503321187
246,0.4122082529959655
247,0.31328272899248516
248,0.4110836672333547
249,0.5162908897997237
250,0.44404762997888875
251,0.4418025987359945
252,0.313190684409692
253,0.3922096056862018
254,0.36783285215629125
255,0.43583104703150377
256,0.421669338541034
257,0.5764662505367505
258,0.46028635794181194
259,0.29019937942960305
260,0.5065156286093964
261,0.2580977058492018
262,0.4255480242668662
263,0.5209737794380528
264,0.6078647648539834
265,0.4643629703896266
266,0.38289395184382996
267,0.4111289875246969
268,0.3917205917321805
269,0.5658908511129024
270,0.4332175898739508
271,0.34135899987258267
272,0.392465468599261
273,0.22095943754955938
274,0.4669135833601473
275,0.5487614650313521
276,0.4421214583284626
277,0.3666353408894577
278,0.4198814211935582
279,0.32378278932617455
280,0.40031535662265505
281,0.35573228637016246
282,0.34364413577188707
283,0.4455541847272796
284,0.3983744673421667
285,0.529509918481356
286,0.4338635941497983
287,0.3482620826892278
288,0.43064033099768856
289,0.30654735325662
290,0.3856832907227218
291,0.3762160411715684
292,0.3584525083788106
293,0.43213840174084306
294,0.2830864694633609
295,0.3645294874417196
296,0.5294947097068464
297,0.55711591533889
298,0.2500360913966401
299,0.3424646764495619
300,0.5824253908842038
301,0.45936311636565186
302,0.5052637470686305
303,0.3792888419484571
304,0.354222423973604
305,0.42462549693170026
306,0.46317087342492597
307,0.5677669153450196
308,0.49433541464482994
309,0.3868101817198764
310,0.5593713260130388
311,0.4472447378851222
312,0.3794737615018344
313,0.3181647976759775
314,0.5350667764574053
315,0.31954654576464636
316,0.3834811094520779
317,0.34433522340711825
318,0.2347526223109542
319,0.4456037444180908
320,0.29400711972944504
321,0.5142455955656549
322,0.48397914605579256
323,0.4361288478054308
324,0.35823432541693423
325,0.4995142654569119
326,0.36535092609937286
327,0.3438204355441142
328,0.4830769721115707
329,0.5126476320701494
330,0.2710115095520576
331,0.35917910279931853
332,0.5207007758553881
333,0.3920726442275118
334,0.3657481665485712
335,0.5689761916180258
336,0.2770091705207215
337,0.5054929778212631
338,0.18291866949090274
339,0.48058759503771903
340,0.6364459725506836
341,0.26414753827191284
342,0.31844568901330156
343,0.3439582806453249
344,0.40324611225429224
345,0.4874539884226877
346,0.341183116894017
347,0.43305309534967124
348,0.487520050578591
349,0.264219741280275
350,0.3208933549328372
351,0.31646238300329
352,0.48054999146918675
353,0.5347155194597817
354,0.5378357474149915
355,0.28755944642247594
356,0.4192972219520227
357,0.5112441871747486
358,0.41079333602900897
359,0.2749556928552188
360,0.5723259703495053
361,0.4593193867419529
362,0.39527376220746496
363,0.364832727932684
364,0.3109009490165875
365,0.3733986299557251
366,0.46181833141999923
367,0.6055955479279669
368,0.2665596690245391
369,0.39625743429561494
370,0.40073814430480476
371,0.4406365505883086
372,0.37113437921287745
373,0.4319340221159818
374,0.2624359278396377
375,0.3062071057091954
376,0.22602273901431563
377,0.3460917436422768
378,0.426749099146942
379,0.2909601159271471
380,0.39171551943032135
381,0.3643267745590269
382,0.3507944348802437
383,0.535645135186709
384,0.3614858386558907
385,0.36195724552270053
386,0.42272264392308295
387,0.38929741661834144
388,0.31278527580852994
389,0.4000340666166716
390,0.45279116876591713
391,0.35705375443982423
392,0.3320655003700509
393,0.44117174376348395
394,0.4241931077860108
395,0.3325755789835962
396,0.48402888172328734
397,0.4945778050284472
398,0.3161535131626381
399,0.48894732371265626
400,0.4153558261547578
401,0.3483231031333599
402,0.39195619278767
403,0.4304575878378785
404,0.3367781709563967
405,0.34912186124134453
406,0.4774431413825327
407,0.4679241330847509
408,0.41189258898285963
409,0.41117790215100136
410,0.39795224629152376
411,0.37522767999191636
412,0.3533975713891375
413,0.34923307863431263
414,0.5849985334433221
415,0.46137252705438364
416,0.4455752844935777
417,0.5952718903803373
418,0.3731943579881351
419,0.4500761346042672
420,0.35600591992278463
421,0.4062014413262323
422,0.4358168481314266
423,0.3723437624086807
424,0.4410914970760545
425,0.36804449253376453
426,0.3849250557426317
427,0.36547160526948397
428,0.3725295156481015
429,0.4833288209692274
430,0.48782762741847346
431,0.41769391292169894
432,0.2887714936491342
433,0.45424008424262674
434,0.3536873174777835
435,0.35740977177578703
436,0.35734333097637616
437,0.47547683141259406
438,0.48992331624454394
439,0.4521776146187262
440,0.5068216710357802
441,0.301552175208729
442,0.4704387729930315
443,0.5183161815865377
444,0.5093366034388144
445,0.3673353952630367
446,0.42249330832305987
447,0.5513864975049414
448,0.3721865405018072
449,0.40377455278001406
450,0.33135982779635426
451,0.4194695184219261
452,0.3447118164530054
453,0.352956133858528
454,0.37487866718985413
455,0.3633144588004161
456,0.5053691432390082
457,0.4287544892608014
458,0.5959336608409969
459,0.4791610635384261
460,0.42718033271335565
461,0.4232611067226553
462,0.34227567702400497
463,0.358329696759449
464,0.4897919211030697
465,0.4333443242254686
466,0.2468750417769846
467,0.3819649142786992
468,0.36539596526462836
469,0.37025152180406323
470,0.3221667381526764
471,0.43500045489001726
472,0.47895488149188903
473,0.2811663572242123
474,0.3677295200406192
475,0.3951868269811432
476,0.4395866291107042
477,0.6599251416641102
478,0.40446998923961114
479,0.45949712569921386
480,0.30453434240474403
481,0.3900146585913902
482,0.42581590253140905
483,0.4576902855223628
484,0.3363475444430119
485,0.4940077297892485
486,0.532885784774106
487,0.42501419412538644
488,0.27229202790979434
489,0.3177221964426041
490,0.4096308190432351
491,0.3069378642625975
492,0.45254928282180823
493,0.3838415025232498
494,0.4518999416377228
495,0.26852354780626586
496,0.5031167426508972
497,0.3387858746517429
498,0.5641539855349146
499,0.31386680333704087
500,0.30521232642089424
501,0.32959311541060193
502,0.608069018014367
503,0.39911924184040753
504,0.3533586288476464
505,0.35943628648470105
506,0.5263081061900656
507,0.5335565825130459
508,0.5630870546740632
509,0.5441167368090389
510,0.31722667330911686
511,0.33815552989410763
512,0.5046671654847344
513,0.39011594464919797
514,0.3182451692833219
515,0.5808378605551343
516,0.47415736081431
517,0.5264535495622619
518,0.5401966729116836
519,0.35130647539523335
520,0.4289794864657706
521,0.45083181475451084
522,0.4625468147409799
523,0.33900739696446663
524,0.4210025671983453
525,0.5981614947736674
526,0.24999194430332994
527,0.42127697587472973
528,0.45625227846530686
529,0.31956476461685845
530,0.5179980635566452
531,0.4606888940790697
532,0.2660944099650485
533,0.45762666194559576
534,0.27560064276144747
535,0.42977097456440627
536,0.4450240615968807
537,0.4007233620603244
538,0.3842161843812078
539,0.48138039428840035
540,0.26009301752202924
541,0.30880358111606926
542,0.38209398487608304
543,0.28270477875647937
544,0.47853901828922685
545,0.4345128715449811
546,0.3806592567312702
547,0.4371456190261511
548,0.40356135433502277
549,0.479513892440695
550,0.34937026247563174
551,0.42175353215817085
552,0.29126075922212885
553,0.3546889539104105
554,0.4923570511180896
555,0.512720427782184
556,0.2423711584309485
557,0.3551542917882427
558,0.39051016298730323
559,0.34065757959953435
560,0.3374002262069379
561,0.2757040721035696
562,0.37799918720417885
563,0.29455006685974816
564,0.2884099992227938
565,0.4759990425264517
566,0.4720216674779804
567,0.3158746657737772
568,0.3996523541987272
569,0.3224500534605692
570,0.44903600888540274
571,0.3396525165534659
572,0.39606198695943595
573,0.4555016212002308
574,0.5013178079943335
575,0.41781689046681303
576,0.33867429339853833
577,0.37819167154527195
578,0.42878526168116066
579,0.3463966822250131
580,0.36517721811867565
581,0.3885472261496893
582,0.20780274645995728
583,0.5314746546905142
584,0.3532710531145518
585,0.30820848789258554
586,0.3938242915331413
587,0.35921491326698596
588,0.4323880602223784
589,0.4639200965533362
590,0.42736627757199736
591,0.3338968686139745
592,0.3300597961421404
593,0.3099424670340177
594,0.41961049523399263
595,0.4423126795161536
596,0.23029182698625764
597,0.253433650677458
598,0.6320349345150551
599,0.4497273069416956
600,0.5401095242650744
601,0.4656233143745508
602,0.34531725380970446
603,0.445352417303625
604,0.42200142392832746
605,0.4386509507206649
606,0.4644481500938986
607,0.49344579085768603
608,0.4252591925742451
609,0.48453817679128797
610,0.3163998373610607
611,0.2898586800992901
612,0.33515250781655825
613,0.2574460023760236
614,0.317568274947643
615,0.3498808113278418
616,0.45457464513806056
617,0.3854905713053845
618,0.38441234245854816
619,0.6069094478542388
620,0.4738318303979616
621,0.2486172817532511
622,0.48779662829037257
623,0.45003559445262276
624,0.21419483933190164
625,0.5092235218045463
626,0.4329945162454635
627,0.5214137672857144
628,0.4114660830212888
629,0.5591314299287798
630,0.5999672785185455
631,0.4302636095889057
632,0.34320504928337214
633,0.28127257191034244
634,0.4895575857032544
635,0.4780676665715695
636,0.38034560739132295
637,0.5903290124456095
638,0.4363162668541582
639,0.4658462380596628
640,0.2555241924318114
641,0.3435482560553089
642,0.4419472351980444
643,0.38863811355207134
644,0.3092562933340898
645,0.35820708046737343
646,0.3732560525085587
647,0.3801162504360876
648,0.4627340851776281
649,0.370839399767378
650,0.5514447728138937
651,0.37543668989923307
652,0.41585410967901987
653,0.592941519261374
654,0.5325708310221009
655,0.4547306975331786
656,0.4532752534101838
657,0.30371806851029104
658,0.37936336400026227
659,0.3141877548396502
660,0.3636703050819531
661,0.438810866830925
662,0.31242590965869965
663,0.43795654753050883
664,0.4005363719923094
665,0.28715266601590794
666,0.26560984432745954
667,0.3835768547808306
668,0.5141520338592445
669,0.513990886966217
670,0.350463490443368
671,0.5993133568523753
672,0.527296199991025
673,0.4913255817141583
674,0.3113187626925348
675,0.3498654372176059
676,0.3065453833366159
677,0.5428998242101639
678,0.3689070544570568
679,0.5319864303958185
680,0.47275283413479396
681,0.47450542279527097
682,0.42290499477131105
683,0.23708700593981744
684,0.40175717053421633
685,0.2998869899852137
686,0.4162266245895544
687,0.32240002722478245
688,0.371525972187328
689,0.46868646804797814
690,0.3178643704095021
691,0.3509659249867407
692,0.5106294419284202
693,0.28078114493987005
694,0.3395609699895142
695,0.5230421511470454
696,0.40360698075878115
697,0.5257669017409285
698,0.35790102526627515
699,0.4492375722391985
700,0.41785834154279305
701,0.4091016979124668
702,0.4778320966797814
703,0.43416960029598506
704,0.5481629093264188
705,0.2845593020224293
706,0.516537893515078
707,0.5152633260233462
708,0.3722585295852696
709,0.4410891617125581
710,0.5392813692984206
711,0.49344127227892803
712,0.3224585424603593
713,0.37317943421202704
714,0.4256627342850944
715,0.29421721512326454
716,0.4879079770139679
717,0.6424290608964224
718,0.40055691789365744
719,0.39680312360282294
720,0.3975757316287969
721,0.37648023925484847
722,0.352003151698885
723,0.2894344009220699
724,0.4248615134157748
725,0.25853609365760455
726,0.35599250962676143
727,0.2918305527641102
728,0.3549317637021296
729,0.6601303577142643
730,0.2670362807330984
731,0.33039058093902685
732,0.3676626777362441
733,0.48599803754574566
734,0.36731642813241616
735,0.3655817728608568
736,0.4382667394424227
737,0.32061494512977795
738,0.4937484917887399
739,0.20411999503743836
740,0.34147076742256505
741,0.3811921528334485
742,0.3698206731813027
743,0.313001619561689
744,0.6121143276281917
745,0.376898329395219
746,0.4786857020355673
747,0.4106551146489885
748,0.42181649885742867
749,0.3249695742740985
750,0.405896913656914
751,0.4020490202007539
752,0.3711561425906332
753,0.4753642235639458
754,0.43464394148064905
755,0.2660647480664435
756,0.43526816403668056
757,0.6784738748363831
758,0.36768336448441613
759,0.45795879968241915
760,0.3825850671511174
761,0.44162208423735816
762,0.5525146428782572
763,0.4506997550042834
764,0.4867437488080186
765,0.24275887683293373
766,0.5904841010843724
767,0.43619218681005345
768,0.4663991536648465
769,0.30535288651582454
770,0.42410289016103386
771,0.5954701360859964
772,0.4163300420192516
773,0.26940430757667766
774,0.3797620458991997
775,0.4134272524828748
776,0.3272771500251652
777,0.41955590536008364
778,0.4392971505499998
779,0.42116099357746983
780,0.5085557359081765
781,0.29048579841279826
782,0.47934718450226
783,0.34810995898114383
784,0.2610200012062879
785,0.4942689338420314
786,0.3189133953104203
787,0.30810647938256547
788,0.23477795548160887
789,0.5737488242670297
790,0.47329231730773774
791,0.33670633253297705
792,0.4843412075295432
793,0.45905584901382407
794,0.48771109580857286
795,0.3797101105141348
796,0.21173599872047488
797,0.45458833225109774
798,0.4914795644590249
799,0.2600541494260456
800,0.38256646792136445
801,0.40038450478155574
802,0.41829856097938617
803,0.44428374244569063
804,0.38749151114375957
805,0.4559798380347283
806,0.4378276912911472
807,0.3777473135027522
808,0.2684970467380402
809,0.38117980572662846
810,0.3488864110504687
811,0.3791562722935516
812,0.41837871788181324
813,0.33798456963321033
814,0.4190009667070727
815,0.40875042718698246
816,0.29995561262576614
817,0.42935617415341254
818,0.30220823263333974
819,0.4319240389895467
820,0.3295724978202519
821,0.47991756598581686
822,0.44282593006707116
823,0.312524117465047
824,0.5277472775529336
825,0.2834581647032322
826,0.36144484288870354
827,0.35387891484086037
828,0.46459114822495834
829,0.25256832718280875
830,0.3849665049621532
831,0.2483741145177042
832,0.4630559364423732
833,0.3175083974653372
834,0.3054167159695556
835,0.22563485331734928
836,0.30671478953068054
837,0.4888381267428737
838,0.4789815191556754
839,0.3573081577011235
840,0.5208244276234439
841,0.3887060258688899
842,0.39732721686726
843,0.4366785422660353
844,0.3542272672913388
845,0.34973866200776876
846,0.4417249056194519
847,0.2736217280264327
848,0.5837659703273281
849,0.5450129204712256
850,0.2787340008850969
851,0.3888576752240672
852,0.4521498847921952
853,0.4310594974208399
854,0.5794565813070836
855,0.5153262580747171
856,0.3515096271356576
857,0.31467360969112074
858,0.3833600928358057
859,0.5928307758120205
860,0.36941402503622406
861,0.36376356021187095
862,0.32759092682201607
863,0.4136704298770558
864,0.45745067132568207
865,0.2717943072477158
866,0.3893704316643315
867,0.40434652412916144
868,0.4750267724377971
869,0.38624455729596247
870,0.6081057024849488
871,0.36251552887974
872,0.42487515894004957
873,0.24106679453693805
874,0.3004697571772311
875,0.5065097446950064
876,0.3544011870494492
877,0.32623263834589283
878,0.4248471189864294
879,0.46082127189089506
880,0.36403398054622604
881,0.348919523110288
882,0.4410452696352073
883,0.5331481106409403
884,0.42216416560292114
885,0.31776352560008814
886,0.5047214613072442
887,0.31960941587572284
888,0.43047725182423463
889,0.4353397961454055
890,0.35157837081406834
891,0.5306313834908188
892,0.709445864405096
893,0.3441731574077447
894,0.3456604762723841
895,0.38235244969760135
896,0.38996172619944863
897,0.23528284845350372
898,0.5256625651464785
899,0.3369181440174158
900,0.4073836239316267
901,0.48883094201785476
902,0.27902620210695056
903,0.3950462585214443
904,0.4187955596775906
905,0.4542942796077339
906,0.43585728828570036
907,0.4783594201202002
908,0.44649600789085786
909,0.37523189969509074
910,0.4548885575196003
911,0.40411367152905875
912,0.6204791497244904
913,0.4991254127495451
914,0.38790791080618797
915,0.4747396814820866
916,0.49671768624475515
917,0.2861427267461748
918,0.5100856401976149
919,0.4204922592397296
920,0.3728894297443886
921,0.3196444032096462
922,0.3936426802379935
923,0.42661184382273964
924,0.32934743837977365
925,0.4398742743651824
926,0.4544544779395435
927,0.4381953622433313
928,0.33708721002978587
929,0.5530707566699633
930,0.3585947906364291
931,0.26885592229218935
932,0.35604156968948275
933,0.5566880843655844
934,0.3090070296958402
935,0.2612139490106961
936,0.41385740591108017
937,0.3176030913975475
938,0.2785981497882956
939,0.30055334347298535
940,0.4611316736263929
941,0.5632512795707812
942,0.5513144787333057
943,0.5203894795167556
944,0.3753818387473248
945,0.34714646784292374
946,0.5224808499834528
947,0.33954002924772814
948,0.3457463797107467
949,0.42635097742180145
950,0.4973341799737647
951,0.48411752617230386
952,0.3229400985730882
953,0.37893164840057886
954,0.5278758812503205
955,0.37680427108622366
956,0.407899674132426
957,0.46926971229069037
958,0.2606947793466039
959,0.40898347926764766
960,0.5168628580653238
961,0.21974342151359483
962,0.31633989704493026
963,0.37187863941306
964,0.3462999921551018
965,0.40539137297345296
966,0.4069288354599043
967,0.4027444892989697
968,0.42937852216377287
969,0.4011236043680451
970,0.39453819632343445
971,0.3909467786792245
972,0.6869622078830652
973,0.5205071829055113
974,0.5012952520896884
975,0.5693922532845395
976,0.5251852700984688
977,0.34219723680376607
978,0.32752889908185956
979,0.3782041977222919
980,0.28628976621454744
981,0.33161588262954766
982,0.43326621235114054
983,0.40763777584672617
984,0.2780538168891074
985,0.5066548439838275
986,0.3745318715366356
987,0.24510428458087413
988,0.36404901807260526
989,0.3276046923225206
990,0.49978166457164463
991,0.26999724051167295
992,0.2823903473640833
993,0.38259893724933397
994,0.3574734803929756
995,0.4066309260188303
996,0.39957199703777546
997,0.4703785680657574
998,0.25802198438786733
999,0.44809850794460443
